ref_id,mad_wt_pct,aad_wt_pct,vad_wt_pct,fcad_wt_pct,cad_wt_pct,had_wt_pct,nad_wt_pct,sad_wt_pct,oad_wt_pct,bet_surface_area_m2_g,vtotal_cm3_g,avg_pore_diameter_nm,k_wt_pct,fe_wt_pct,br_wt_pct,i_wt_pct,cl_wt_pct,total_gas_volume_L_min,co2_pct,o2_pct,h2o_pct,so2_ppm,no_ppm,temperature_C,adsorbent_amount_mg,hg0_concentration_ug_m3,max_hg0_removal_efficiency_pct
1,2.41,29.1,50.3,18.17,35.8,4.81,3.34,0.6,23.9,26.2,0.03,4.63,0.0,0.0,0.0,0.0,0.0,0.85,0.0,6.0,1.5,600.0,400.0,120.0,250.0,60.0,39.1
1,7.61,8.94,71.7,12.35,50.9,1.26,6.08,3.81,22.0,11.16,0.05,16.72,0.0,0.0,0.0,0.0,0.0,0.85,0.0,6.0,1.5,600.0,400.0,120.0,250.0,60.0,51.8
1,7.61,8.94,71.7,12.35,50.9,1.26,6.08,3.81,22.0,10.08,0.04,13.34,3.5,0.0,0.0,11.5,0.0,0.85,0.0,6.0,0.0,600.0,400.0,120.0,250.0,60.0,66.4
1,7.61,8.94,71.7,12.35,50.9,1.26,6.08,3.81,22.0,10.6,0.03,12.61,0.6,0.0,0.0,1.9,0.0,0.85,0.0,6.0,1.5,600.0,400.0,120.0,250.0,60.0,68.7
1,2.41,29.1,50.3,18.17,35.8,4.81,3.34,0.6,23.9,16.19,0.04,8.78,3.5,0.0,0.0,11.5,0.0,0.85,0.0,6.0,6.0,600.0,400.0,120.0,250.0,60.0,69.2
1,7.61,8.94,71.7,12.35,50.9,1.26,6.08,3.81,22.0,10.08,0.04,13.34,3.5,0.0,0.0,2.3,0.0,0.85,0.0,6.0,6.0,600.0,400.0,120.0,250.0,60.0,71.6
1,2.41,29.1,50.3,18.17,35.8,4.81,3.34,0.6,23.9,16.19,0.04,8.78,3.5,0.0,0.0,11.5,0.0,0.85,0.0,6.0,1.5,1200.0,400.0,120.0,250.0,60.0,72.4
1,7.61,8.94,71.7,12.35,50.9,1.26,6.08,3.81,22.0,7.88,0.03,15.87,10.5,0.0,0.0,34.5,0.0,0.85,0.0,6.0,1.5,600.0,400.0,120.0,250.0,60.0,72.8
1,7.61,8.94,71.7,12.35,50.9,1.26,6.08,3.81,22.0,10.08,0.04,13.34,3.5,0.0,0.0,11.5,0.0,0.85,0.0,0.0,1.5,600.0,400.0,120.0,250.0,60.0,74.9
1,7.61,8.94,71.7,12.35,50.9,1.26,6.08,3.81,22.0,10.08,0.04,13.34,3.5,0.0,0.0,11.5,0.0,0.85,0.0,6.0,1.5,600.0,400.0,80.0,250.0,60.0,75.2
1,7.61,8.94,71.7,12.35,50.9,1.26,6.08,3.81,22.0,10.08,0.04,13.34,3.5,0.0,0.0,11.5,0.0,0.85,0.0,6.0,1.5,600.0,600.0,120.0,250.0,60.0,76.7
1,7.61,8.94,71.7,12.35,50.9,1.26,6.08,3.81,22.0,10.08,0.04,13.34,3.5,0.0,0.0,11.5,0.0,0.85,0.0,6.0,1.5,1200.0,400.0,120.0,250.0,60.0,79.1
1,2.41,29.1,50.3,18.17,35.8,4.81,3.34,0.6,23.9,16.19,0.04,8.78,3.5,0.0,0.0,11.5,0.0,0.85,0.0,6.0,1.5,600.0,400.0,80.0,250.0,60.0,79.3
1,2.41,29.1,50.3,18.17,35.8,4.81,3.34,0.6,23.9,16.19,0.04,8.78,3.5,0.0,0.0,11.5,0.0,0.85,0.0,6.0,1.5,600.0,600.0,120.0,250.0,60.0,81.4
1,2.41,29.1,50.3,18.17,35.8,4.81,3.34,0.6,23.9,19.73,0.07,3.42,0.6,0.0,0.0,1.9,0.0,0.85,0.0,6.0,1.5,600.0,400.0,120.0,250.0,60.0,81.6
1,2.41,29.1,50.3,18.17,35.8,4.81,3.34,0.6,23.9,16.19,0.04,8.78,3.5,0.0,0.0,11.5,0.0,0.85,0.0,0.0,1.5,600.0,400.0,120.0,250.0,60.0,82.9
1,2.41,29.1,50.3,18.17,35.8,4.81,3.34,0.6,23.9,16.19,0.04,8.78,3.5,0.0,0.0,11.5,0.0,0.85,0.0,6.0,1.5,0.0,400.0,120.0,250.0,60.0,83.2
1,2.41,29.1,50.3,18.17,35.8,4.81,3.34,0.6,23.9,7.04,0.02,10.95,10.5,0.0,0.0,34.5,0.0,0.85,0.0,6.0,1.5,600.0,400.0,120.0,250.0,60.0,84.6
1,7.61,8.94,71.7,12.35,50.9,1.26,6.08,3.81,22.0,10.08,0.04,13.34,3.5,0.0,0.0,11.5,0.0,0.85,0.0,6.0,1.5,600.0,400.0,120.0,250.0,60.0,85.0
1,7.61,8.94,71.7,12.35,50.9,1.26,6.08,3.81,22.0,10.08,0.04,13.34,3.5,0.0,0.0,11.5,0.0,0.85,0.0,6.0,1.5,600.0,400.0,120.0,250.0,60.0,85.2
1,7.61,8.94,71.7,12.35,50.9,1.26,6.08,3.81,22.0,10.08,0.04,13.34,3.5,0.0,0.0,11.5,0.0,0.85,0.0,6.0,1.5,600.0,400.0,120.0,250.0,60.0,85.2
1,7.61,8.94,71.7,12.35,50.9,1.26,6.08,3.81,22.0,10.08,0.04,13.34,3.5,0.0,0.0,11.5,0.0,0.85,0.0,6.0,1.5,600.0,400.0,120.0,250.0,60.0,85.3
1,7.61,8.94,71.7,12.35,50.9,1.26,6.08,3.81,22.0,10.08,0.04,13.34,3.5,0.0,0.0,11.5,0.0,0.85,0.0,6.0,1.5,600.0,400.0,120.0,250.0,60.0,85.4
1,7.61,8.94,71.7,12.35,50.9,1.26,6.08,3.81,22.0,10.08,0.04,13.34,3.5,0.0,0.0,11.5,0.0,0.85,0.0,6.0,1.5,600.0,400.0,120.0,250.0,60.0,85.5
1,2.41,29.1,50.3,18.17,35.8,4.81,3.34,0.6,23.9,16.19,0.04,8.78,3.5,0.0,0.0,11.5,0.0,0.85,0.0,6.0,0.0,600.0,400.0,120.0,250.0,60.0,85.5
1,7.61,8.94,71.7,12.35,50.9,1.26,6.08,3.81,22.0,10.08,0.04,13.34,3.5,0.0,0.0,11.5,0.0,0.85,0.0,6.0,1.5,600.0,0.0,120.0,250.0,60.0,91.0
1,2.41,29.1,50.3,18.17,35.8,4.81,3.34,0.6,23.9,16.19,0.04,8.78,3.5,0.0,0.0,11.5,0.0,0.85,0.0,6.0,1.5,600.0,400.0,120.0,250.0,60.0,91.9
1,2.41,29.1,50.3,18.17,35.8,4.81,3.34,0.6,23.9,16.19,0.04,8.78,3.5,0.0,0.0,11.5,0.0,0.85,0.0,6.0,1.5,600.0,400.0,120.0,250.0,60.0,92.5
1,2.41,29.1,50.3,18.17,35.8,4.81,3.34,0.6,23.9,16.19,0.04,8.78,3.5,0.0,0.0,11.5,0.0,0.85,0.0,6.0,1.5,600.0,400.0,120.0,250.0,60.0,92.6
1,2.41,29.1,50.3,18.17,35.8,4.81,3.34,0.6,23.9,16.19,0.04,8.78,3.5,0.0,0.0,11.5,0.0,0.85,0.0,6.0,1.5,600.0,0.0,120.0,250.0,60.0,92.6
1,2.41,29.1,50.3,18.17,35.8,4.81,3.34,0.6,23.9,16.19,0.04,8.78,3.5,0.0,0.0,11.5,0.0,0.85,0.0,6.0,1.5,600.0,400.0,120.0,250.0,60.0,92.7
1,7.61,8.94,71.7,12.35,50.9,1.26,6.08,3.81,22.0,10.08,0.04,13.34,3.5,0.0,0.0,11.5,0.0,0.85,0.0,9.0,1.5,600.0,400.0,120.0,250.0,60.0,92.7
1,2.41,29.1,50.3,18.17,35.8,4.81,3.34,0.6,23.9,16.19,0.04,8.78,3.5,0.0,0.0,11.5,0.0,0.85,0.0,6.0,1.5,600.0,400.0,120.0,250.0,60.0,92.9
1,2.41,29.1,50.3,18.17,35.8,4.81,3.34,0.6,23.9,16.19,0.04,8.78,3.5,0.0,0.0,11.5,0.0,0.85,0.0,6.0,1.5,600.0,400.0,120.0,250.0,60.0,92.9
1,7.61,8.94,71.7,12.35,50.9,1.26,6.08,3.81,22.0,10.08,0.04,13.34,3.5,0.0,0.0,11.5,0.0,0.85,0.0,6.0,1.5,600.0,200.0,120.0,250.0,60.0,93.9
1,2.41,29.1,50.3,18.17,35.8,4.81,3.34,0.6,23.9,16.19,0.04,8.78,3.5,0.0,0.0,11.5,0.0,0.85,0.0,9.0,1.5,600.0,400.0,120.0,250.0,60.0,94.6
1,7.61,8.94,71.7,12.35,50.9,1.26,6.08,3.81,22.0,10.08,0.04,13.34,3.5,0.0,0.0,11.5,0.0,0.85,0.0,6.0,1.5,0.0,400.0,120.0,250.0,60.0,94.9
1,2.41,29.1,50.3,18.17,35.8,4.81,3.34,0.6,23.9,16.19,0.04,8.78,3.5,0.0,0.0,11.5,0.0,0.85,0.0,6.0,1.5,600.0,400.0,160.0,250.0,60.0,95.3
1,2.41,29.1,50.3,18.17,35.8,4.81,3.34,0.6,23.9,16.19,0.04,8.78,3.5,0.0,0.0,11.5,0.0,0.85,0.0,6.0,1.5,600.0,200.0,120.0,250.0,60.0,96.0
1,7.61,8.94,71.7,12.35,50.9,1.26,6.08,3.81,22.0,10.08,0.04,13.34,3.5,0.0,0.0,11.5,0.0,0.85,0.0,6.0,1.5,600.0,400.0,160.0,250.0,60.0,96.2
2,5.99,1.23,75.4,17.4,43.7,6.75,0.09,0.23,42.0,88.35,0.08,39.76,0.0,31.0,0.0,0.0,59.0,1.2,0.0,4.0,0.0,0.0,0.0,120.0,50.0,85.0,73.1
2,5.99,1.23,75.4,17.4,43.7,6.75,0.09,0.23,42.0,36.09,0.09,106.38,0.0,10.0,0.0,0.0,20.0,1.2,0.0,4.0,0.0,0.0,0.0,120.0,50.0,85.0,76.3
2,5.99,1.23,75.4,17.4,43.7,6.75,0.09,0.23,42.0,56.33,0.13,93.56,0.0,41.0,0.0,0.0,79.0,1.2,0.0,4.0,0.0,0.0,0.0,120.0,50.0,85.0,79.4
2,5.99,1.23,75.4,17.4,43.7,6.75,0.09,0.23,42.0,164.94,0.52,126.64,0.0,31.0,0.0,0.0,59.0,1.2,0.0,4.0,0.0,0.0,0.0,120.0,50.0,85.0,84.9
2,5.99,1.23,75.4,17.4,43.7,6.75,0.09,0.23,42.0,120.82,0.2,66.62,0.0,31.0,0.0,0.0,59.0,1.2,0.0,4.0,0.0,0.0,0.0,250.0,50.0,85.0,85.2
2,5.99,1.23,75.4,17.4,43.7,6.75,0.09,0.23,42.0,116.22,0.19,55.43,0.0,21.0,0.0,0.0,39.0,1.2,0.0,4.0,0.0,0.0,0.0,120.0,50.0,85.0,85.9
2,5.99,1.23,75.4,17.4,43.7,6.75,0.09,0.23,42.0,120.82,0.2,66.62,0.0,31.0,0.0,0.0,59.0,1.2,0.0,4.0,0.0,0.0,0.0,210.0,50.0,85.0,86.4
2,5.99,1.23,75.4,17.4,43.7,6.75,0.09,0.23,42.0,120.82,0.2,66.62,0.0,31.0,0.0,0.0,59.0,1.2,0.0,4.0,0.0,0.0,0.0,150.0,50.0,85.0,92.5
2,5.99,1.23,75.4,17.4,43.7,6.75,0.09,0.23,42.0,120.82,0.2,66.62,0.0,31.0,0.0,0.0,59.0,1.2,0.0,4.0,0.0,0.0,0.0,180.0,50.0,85.0,92.5
2,5.99,1.23,75.4,17.4,43.7,6.75,0.09,0.23,42.0,120.82,0.2,66.62,0.0,31.0,0.0,0.0,59.0,1.2,0.0,4.0,0.0,0.0,0.0,120.0,50.0,85.0,93.7
2,5.99,1.23,75.4,17.4,43.7,6.75,0.09,0.23,42.0,120.82,0.2,66.62,0.0,31.0,0.0,0.0,59.0,1.2,0.0,4.0,0.0,0.0,0.0,120.0,50.0,85.0,93.8
2,5.99,1.23,75.4,17.4,43.7,6.75,0.09,0.23,42.0,120.82,0.2,66.62,0.0,31.0,0.0,0.0,59.0,1.2,0.0,4.0,0.0,0.0,0.0,120.0,50.0,85.0,94.1
3,5.99,1.23,75.4,17.4,43.7,6.75,0.09,0.23,42.0,120.82,0.2,66.62,0.0,31.0,0.0,0.0,59.0,1.2,12.0,4.0,12.0,0.0,0.0,120.0,50.0,85.0,96.0
3,5.99,1.23,75.4,17.4,43.7,6.75,0.09,0.23,42.0,120.82,0.2,66.62,0.0,31.0,0.0,0.0,59.0,1.2,70.0,4.0,12.0,0.0,0.0,120.0,50.0,85.0,98.1
3,5.99,1.23,75.4,17.4,43.7,6.75,0.09,0.23,42.0,120.82,0.2,66.62,0.0,31.0,0.0,0.0,59.0,1.2,70.0,4.0,4.0,0.0,0.0,120.0,50.0,85.0,99.4
3,5.99,1.23,75.4,17.4,43.7,6.75,0.09,0.23,42.0,120.82,0.2,66.62,0.0,31.0,0.0,0.0,59.0,1.2,12.0,4.0,4.0,0.0,0.0,120.0,50.0,85.0,99.8
4,0.3,22.2,30.7,46.84,89.4,4.99,0.46,4.27,0.9,1.3,0.01,15.19,0.0,0.0,0.0,0.0,0.0,1.0,0.0,4.0,0.0,0.0,0.0,150.0,720.0,40.0,7.7
4,0.3,22.2,30.7,46.84,89.4,4.99,0.46,4.27,0.9,570.27,0.29,2.0,32.0,0.0,0.0,0.0,0.0,1.0,0.0,4.0,0.0,0.0,0.0,150.0,720.0,40.0,79.6
4,0.3,22.2,30.7,46.84,89.4,4.99,0.46,4.27,0.9,110.09,0.08,2.81,21.0,0.0,0.0,0.0,0.0,1.0,0.0,4.0,0.0,0.0,0.0,150.0,720.0,40.0,87.5
4,0.3,22.2,30.7,46.84,89.4,4.99,0.46,4.27,0.9,327.74,0.12,2.06,32.0,0.0,0.0,0.0,0.0,1.0,0.0,4.0,0.0,0.0,0.0,150.0,720.0,40.0,94.4
4,0.3,22.2,30.7,46.84,89.4,4.99,0.46,4.27,0.9,447.16,0.21,2.02,32.0,0.0,0.0,0.0,0.0,1.0,0.0,4.0,0.0,0.0,0.0,150.0,720.0,40.0,95.4
4,0.3,22.2,30.7,46.84,89.4,4.99,0.46,4.27,0.9,15.34,0.03,9.57,32.0,0.0,0.0,0.0,0.0,1.0,0.0,4.0,0.0,0.0,0.0,150.0,720.0,40.0,95.6
4,0.3,22.2,30.7,46.84,89.4,4.99,0.46,4.27,0.9,605.32,0.3,1.93,32.0,0.0,0.0,0.0,0.0,1.0,0.0,4.0,0.0,0.0,0.0,150.0,720.0,40.0,99.2
5,7.01,8.93,71.7,12.35,50.9,1.26,6.08,3.81,22.0,4.02,0.02,32.25,0.0,0.0,0.0,0.0,0.0,0.8,0.0,5.0,1.5,600.0,400.0,130.0,300.0,50.0,18.8
5,7.01,8.93,71.7,12.35,50.9,1.26,6.08,3.81,22.0,14.41,0.09,25.0,0.0,0.0,0.0,0.0,0.0,0.8,0.0,5.0,1.5,600.0,400.0,130.0,300.0,50.0,18.8
5,7.01,8.93,71.7,12.35,50.9,1.26,6.08,3.81,22.0,21.15,0.47,16.72,0.0,0.0,0.0,0.0,0.0,0.8,0.0,5.0,1.5,600.0,400.0,130.0,300.0,50.0,34.3
5,7.01,8.93,71.7,12.35,50.9,1.26,6.08,3.81,22.0,16.55,0.2,19.57,0.0,0.0,0.0,0.0,118.8,0.8,0.0,5.0,1.5,600.0,400.0,70.0,300.0,50.0,50.8
5,7.01,8.93,71.7,12.35,50.9,1.26,6.08,3.81,22.0,16.55,0.2,19.57,0.0,0.0,0.0,0.0,118.8,0.8,0.0,5.0,1.5,1200.0,400.0,130.0,300.0,50.0,52.8
5,7.01,8.93,71.7,12.35,50.9,1.26,6.08,3.81,22.0,16.55,0.2,19.57,0.0,0.0,0.0,0.0,118.8,0.8,0.0,0.0,1.5,600.0,400.0,130.0,300.0,50.0,57.9
5,7.01,8.93,71.7,12.35,50.9,1.26,6.08,3.81,22.0,16.55,0.2,19.57,0.0,0.0,0.0,0.0,118.8,0.8,0.0,5.0,1.5,600.0,400.0,90.0,300.0,50.0,59.5
5,7.01,8.93,71.7,12.35,50.9,1.26,6.08,3.81,22.0,11.95,0.25,26.33,0.0,0.0,0.0,0.0,13.2,0.8,0.0,5.0,1.5,600.0,400.0,130.0,300.0,50.0,61.0
5,7.01,8.93,71.7,12.35,50.9,1.26,6.08,3.81,22.0,16.55,0.2,19.57,0.0,0.0,0.0,0.0,118.8,0.8,0.0,5.0,1.5,600.0,0.0,130.0,300.0,50.0,62.2
5,7.01,8.93,71.7,12.35,50.9,1.26,6.08,3.81,22.0,19.67,0.36,22.44,0.0,0.0,0.0,0.0,146.88,0.8,0.0,0.0,1.5,600.0,400.0,130.0,300.0,50.0,63.8
5,7.01,8.93,71.7,12.35,50.9,1.26,6.08,3.81,22.0,16.55,0.2,19.57,0.0,0.0,0.0,0.0,118.8,0.8,0.0,5.0,1.5,600.0,400.0,110.0,300.0,50.0,67.7
5,7.01,8.93,71.7,12.35,50.9,1.26,6.08,3.81,22.0,16.55,0.2,19.57,0.0,0.0,0.0,0.0,118.8,0.8,0.0,5.0,8.0,600.0,400.0,130.0,300.0,50.0,73.0
5,7.01,8.93,71.7,12.35,50.9,1.26,6.08,3.81,22.0,16.55,0.2,19.57,0.0,0.0,0.0,0.0,118.8,0.8,0.0,5.0,1.5,900.0,400.0,130.0,300.0,50.0,74.3
5,7.01,8.93,71.7,12.35,50.9,1.26,6.08,3.81,22.0,19.67,0.36,22.44,0.0,0.0,0.0,0.0,146.88,0.8,0.0,5.0,8.0,600.0,400.0,130.0,300.0,50.0,74.6
5,7.01,8.93,71.7,12.35,50.9,1.26,6.08,3.81,22.0,15.03,0.2,25.98,0.0,0.0,16.32,0.0,0.0,0.8,0.0,5.0,1.5,600.0,400.0,130.0,300.0,50.0,78.0
5,7.01,8.93,71.7,12.35,50.9,1.26,6.08,3.81,22.0,19.67,0.36,22.44,0.0,0.0,0.0,0.0,146.88,0.8,0.0,5.0,0.0,600.0,400.0,130.0,300.0,50.0,78.0
5,7.01,8.93,71.7,12.35,50.9,1.26,6.08,3.81,22.0,19.67,0.36,22.44,0.0,0.0,0.0,0.0,146.88,0.8,0.0,5.0,1.5,600.0,0.0,130.0,300.0,50.0,81.1
5,7.01,8.93,71.7,12.35,50.9,1.26,6.08,3.81,22.0,13.98,0.14,24.27,0.0,0.0,0.0,0.0,118.8,0.8,0.0,5.0,1.5,600.0,400.0,130.0,300.0,50.0,81.2
5,7.01,8.93,71.7,12.35,50.9,1.26,6.08,3.81,22.0,16.55,0.2,19.57,0.0,0.0,0.0,0.0,66.0,0.8,0.0,5.0,1.5,600.0,400.0,130.0,300.0,50.0,81.8
5,7.01,8.93,71.7,12.35,50.9,1.26,6.08,3.81,22.0,16.55,0.2,19.57,0.0,0.0,0.0,0.0,118.8,0.8,0.0,5.0,5.0,600.0,400.0,130.0,300.0,50.0,82.7
5,7.01,8.93,71.7,12.35,50.9,1.26,6.08,3.81,22.0,19.67,0.36,22.44,0.0,0.0,0.0,0.0,146.88,0.8,0.0,5.0,1.5,1200.0,400.0,130.0,300.0,50.0,83.0
5,7.01,8.93,71.7,12.35,50.9,1.26,6.08,3.81,22.0,19.67,0.36,22.44,0.0,0.0,0.0,0.0,146.88,0.8,0.0,5.0,1.5,600.0,400.0,70.0,300.0,50.0,85.4
5,7.01,8.93,71.7,12.35,50.9,1.26,6.08,3.81,22.0,19.67,0.36,22.44,0.0,0.0,0.0,0.0,146.88,0.8,0.0,5.0,5.0,600.0,400.0,130.0,300.0,50.0,86.1
5,7.01,8.93,71.7,12.35,50.9,1.26,6.08,3.81,22.0,19.67,0.36,22.44,0.0,0.0,0.0,0.0,146.88,0.8,0.0,5.0,1.5,900.0,400.0,130.0,300.0,50.0,87.1
5,7.01,8.93,71.7,12.35,50.9,1.26,6.08,3.81,22.0,16.55,0.2,19.57,0.0,0.0,0.0,0.0,118.8,0.8,0.0,5.0,0.0,600.0,400.0,130.0,300.0,50.0,87.2
5,7.01,8.93,71.7,12.35,50.9,1.26,6.08,3.81,22.0,16.55,0.2,19.57,0.0,0.0,0.0,0.0,118.8,0.8,0.0,5.0,1.5,600.0,400.0,130.0,300.0,50.0,87.8
5,7.01,8.93,71.7,12.35,50.9,1.26,6.08,3.81,22.0,16.55,0.2,19.57,0.0,0.0,0.0,0.0,118.8,0.8,0.0,5.0,1.5,600.0,400.0,130.0,300.0,50.0,88.0
5,7.01,8.93,71.7,12.35,50.9,1.26,6.08,3.81,22.0,16.55,0.2,19.57,0.0,0.0,0.0,0.0,118.8,0.8,0.0,5.0,1.5,600.0,400.0,130.0,300.0,50.0,88.0
5,7.01,8.93,71.7,12.35,50.9,1.26,6.08,3.81,22.0,16.55,0.2,19.57,0.0,0.0,0.0,0.0,118.8,0.8,0.0,5.0,1.5,600.0,400.0,130.0,300.0,50.0,88.3
5,7.01,8.93,71.7,12.35,50.9,1.26,6.08,3.81,22.0,19.67,0.36,22.44,0.0,0.0,0.0,0.0,146.88,0.8,0.0,5.0,1.5,600.0,400.0,90.0,300.0,50.0,88.4
5,7.01,8.93,71.7,12.35,50.9,1.26,6.08,3.81,22.0,16.55,0.2,19.57,0.0,0.0,0.0,0.0,118.8,0.8,0.0,5.0,1.5,600.0,400.0,130.0,300.0,50.0,88.6
5,7.01,8.93,71.7,12.35,50.9,1.26,6.08,3.81,22.0,19.67,0.36,22.44,0.0,0.0,0.0,0.0,146.88,0.8,0.0,5.0,1.5,600.0,400.0,110.0,300.0,50.0,90.6
5,7.01,8.93,71.7,12.35,50.9,1.26,6.08,3.81,22.0,16.55,0.2,19.57,0.0,0.0,0.0,0.0,118.8,0.8,0.0,5.0,1.5,0.0,400.0,130.0,300.0,50.0,90.6
5,7.01,8.93,71.7,12.35,50.9,1.26,6.08,3.81,22.0,16.55,0.2,19.57,0.0,0.0,0.0,0.0,118.8,0.8,0.0,5.0,1.5,600.0,600.0,130.0,300.0,50.0,92.0
5,7.01,8.93,71.7,12.35,50.9,1.26,6.08,3.81,22.0,19.67,0.36,22.44,0.0,0.0,0.0,0.0,146.88,0.8,0.0,5.0,1.5,600.0,400.0,130.0,300.0,50.0,92.5
5,7.01,8.93,71.7,12.35,50.9,1.26,6.08,3.81,22.0,19.67,0.36,22.44,0.0,0.0,0.0,0.0,146.88,0.8,0.0,5.0,1.5,600.0,400.0,130.0,300.0,50.0,92.9
5,7.01,8.93,71.7,12.35,50.9,1.26,6.08,3.81,22.0,19.67,0.36,22.44,0.0,0.0,0.0,0.0,146.88,0.8,0.0,5.0,1.5,600.0,400.0,130.0,300.0,50.0,93.6
5,7.01,8.93,71.7,12.35,50.9,1.26,6.08,3.81,22.0,16.55,0.2,19.57,0.0,0.0,0.0,0.0,118.8,0.8,0.0,10.0,1.5,600.0,400.0,130.0,300.0,50.0,93.7
5,7.01,8.93,71.7,12.35,50.9,1.26,6.08,3.81,22.0,19.67,0.36,22.44,0.0,0.0,0.0,0.0,146.88,0.8,0.0,5.0,1.5,600.0,400.0,130.0,300.0,50.0,93.8
5,7.01,8.93,71.7,12.35,50.9,1.26,6.08,3.81,22.0,19.67,0.36,22.44,0.0,0.0,0.0,0.0,146.88,0.8,0.0,5.0,1.5,600.0,400.0,130.0,300.0,50.0,93.8
5,7.01,8.93,71.7,12.35,50.9,1.26,6.08,3.81,22.0,19.67,0.36,22.44,0.0,0.0,0.0,0.0,146.88,0.8,0.0,10.0,1.5,600.0,400.0,130.0,300.0,50.0,95.1
5,7.01,8.93,71.7,12.35,50.9,1.26,6.08,3.81,22.0,16.55,0.2,19.57,0.0,0.0,0.0,0.0,118.8,0.8,0.0,15.0,1.5,600.0,400.0,130.0,300.0,50.0,95.5
5,7.01,8.93,71.7,12.35,50.9,1.26,6.08,3.81,22.0,19.67,0.36,22.44,0.0,0.0,0.0,0.0,146.88,0.8,0.0,5.0,1.5,600.0,600.0,130.0,300.0,50.0,96.4
5,7.01,8.93,71.7,12.35,50.9,1.26,6.08,3.81,22.0,19.67,0.36,22.44,0.0,0.0,0.0,0.0,146.88,0.8,0.0,5.0,1.5,0.0,400.0,130.0,300.0,50.0,96.4
5,7.01,8.93,71.7,12.35,50.9,1.26,6.08,3.81,22.0,16.55,0.2,19.57,0.0,0.0,0.0,0.0,118.8,0.8,0.0,5.0,1.5,600.0,800.0,130.0,300.0,50.0,96.9
5,7.01,8.93,71.7,12.35,50.9,1.26,6.08,3.81,22.0,19.67,0.36,22.44,0.0,0.0,0.0,0.0,146.88,0.8,0.0,15.0,1.5,600.0,400.0,130.0,300.0,50.0,97.1
5,7.01,8.93,71.7,12.35,50.9,1.26,6.08,3.81,22.0,19.67,0.36,22.44,0.0,0.0,0.0,0.0,146.88,0.8,0.0,5.0,1.5,600.0,800.0,130.0,300.0,50.0,99.5
6,5.27,3.15,71.2,20.42,43.6,5.75,0.52,0.13,41.6,12.16,0.02,7.92,0.0,0.0,0.0,0.0,0.0,0.8,0.0,5.0,5.0,800.0,400.0,120.0,50.0,65.0,29.4
6,5.27,3.15,71.2,20.42,43.6,5.75,0.52,0.13,41.6,520.2,0.31,2.37,0.0,0.0,0.0,0.0,0.0,0.8,0.0,5.0,5.0,800.0,0.0,120.0,50.0,65.0,44.0
6,5.27,3.15,71.2,20.42,43.6,5.75,0.52,0.13,41.6,453.03,0.27,2.41,0.0,0.0,0.0,0.0,0.0,0.8,0.0,5.0,5.0,800.0,400.0,120.0,50.0,65.0,49.1
6,5.27,3.15,71.2,20.42,43.6,5.75,0.52,0.13,41.6,520.2,0.31,2.37,0.0,0.0,0.0,0.0,0.0,0.8,0.0,5.0,10.0,800.0,400.0,120.0,50.0,65.0,60.0
6,5.27,3.15,71.2,20.42,43.6,5.75,0.52,0.13,41.6,520.2,0.31,2.37,0.0,0.0,0.0,0.0,0.0,0.8,0.0,0.0,5.0,800.0,400.0,120.0,50.0,65.0,65.0
6,5.27,3.15,71.2,20.42,43.6,5.75,0.52,0.13,41.6,520.2,0.31,2.37,0.0,0.0,0.0,0.0,0.0,0.8,0.0,5.0,5.0,1200.0,400.0,120.0,50.0,65.0,66.0
6,5.27,3.15,71.2,20.42,43.6,5.75,0.52,0.13,41.6,520.2,0.31,2.37,0.0,0.0,0.0,0.0,0.0,0.8,0.0,5.0,8.0,800.0,400.0,120.0,50.0,65.0,66.0
6,5.27,3.15,71.2,20.42,43.6,5.75,0.52,0.13,41.6,539.18,0.32,2.39,0.0,0.0,0.0,0.0,0.0,0.8,0.0,5.0,5.0,800.0,400.0,120.0,50.0,65.0,68.1
6,5.27,3.15,71.2,20.42,43.6,5.75,0.52,0.13,41.6,520.2,0.31,2.37,0.0,0.0,0.0,0.0,0.0,0.8,0.0,5.0,5.0,800.0,400.0,160.0,50.0,65.0,72.5
6,5.27,3.15,71.2,20.42,43.6,5.75,0.52,0.13,41.6,520.2,0.31,2.37,0.0,0.0,0.0,0.0,0.0,0.8,0.0,5.0,5.0,800.0,400.0,120.0,50.0,65.0,76.0
6,5.27,3.15,71.2,20.42,43.6,5.75,0.52,0.13,41.6,520.2,0.31,2.37,0.0,0.0,0.0,0.0,0.0,0.8,0.0,2.0,5.0,800.0,400.0,120.0,50.0,65.0,78.0
6,5.27,3.15,71.2,20.42,43.6,5.75,0.52,0.13,41.6,497.25,0.28,2.27,0.0,0.0,0.0,0.0,0.0,0.8,0.0,5.0,5.0,800.0,400.0,120.0,50.0,65.0,80.1
6,5.27,3.15,71.2,20.42,43.6,5.75,0.52,0.13,41.6,520.2,0.31,2.37,0.0,0.0,0.0,0.0,0.0,0.8,0.0,5.0,5.0,800.0,400.0,80.0,50.0,65.0,80.3
6,5.27,3.15,71.2,20.42,43.6,5.75,0.52,0.13,41.6,491.86,0.29,2.37,0.0,0.0,0.0,0.0,0.0,0.8,0.0,5.0,5.0,800.0,400.0,120.0,50.0,65.0,84.8
6,5.27,3.15,71.2,20.42,43.6,5.75,0.52,0.13,41.6,520.2,0.31,2.37,0.0,0.0,0.0,0.0,0.0,0.8,0.0,5.0,5.0,800.0,400.0,100.0,50.0,65.0,85.0
6,5.27,3.15,71.2,20.42,43.6,5.75,0.52,0.13,41.6,520.2,0.31,2.37,0.0,0.0,0.0,0.0,0.0,0.8,0.0,4.0,5.0,800.0,400.0,120.0,50.0,65.0,86.0
6,5.27,3.15,71.2,20.42,43.6,5.75,0.52,0.13,41.6,520.2,0.31,2.37,0.0,0.0,0.0,0.0,0.0,0.8,0.0,5.0,5.0,800.0,800.0,120.0,50.0,65.0,86.0
6,5.27,3.15,71.2,20.42,43.6,5.75,0.52,0.13,41.6,520.2,0.31,2.37,0.0,0.0,0.0,0.0,0.0,0.8,0.0,5.0,5.0,800.0,400.0,120.0,50.0,65.0,86.0
6,5.27,3.15,71.2,20.42,43.6,5.75,0.52,0.13,41.6,520.2,0.31,2.37,0.0,0.0,0.0,0.0,0.0,0.8,0.0,5.0,5.0,800.0,400.0,120.0,50.0,65.0,86.0
6,5.27,3.15,71.2,20.42,43.6,5.75,0.52,0.13,41.6,520.2,0.31,2.37,0.0,0.0,0.0,0.0,0.0,0.8,0.0,5.0,5.0,800.0,400.0,140.0,50.0,65.0,87.3
7,3.74,7.77,68.1,20.35,40.0,5.04,0.94,0.09,53.9,5.57,0.02,13.85,0.0,0.0,0.0,0.0,0.0,0.8,0.0,5.0,5.0,600.0,400.0,120.0,50.0,60.0,22.2
7,7.72,2.14,71.2,18.43,37.2,5.25,0.67,0.06,56.9,4.7,0.02,16.23,0.0,0.0,0.0,0.0,0.0,0.8,0.0,5.0,5.0,600.0,400.0,120.0,50.0,60.0,27.7
7,3.74,7.77,68.1,20.35,40.0,5.04,0.94,0.09,53.9,271.0,0.22,3.2,0.0,0.0,0.0,0.0,0.0,0.8,0.0,5.0,5.0,600.0,400.0,120.0,50.0,60.0,41.4
7,7.72,2.14,71.2,18.43,37.2,5.25,0.67,0.06,56.9,132.2,0.1,3.05,0.0,0.0,0.0,0.0,0.0,0.8,0.0,5.0,5.0,600.0,400.0,120.0,50.0,60.0,44.9
7,3.74,7.77,68.1,20.35,40.0,5.04,0.94,0.09,53.9,282.4,0.22,3.15,0.0,0.0,0.0,0.0,0.0,0.8,0.0,5.0,5.0,600.0,400.0,120.0,50.0,60.0,65.8
7,7.72,2.14,71.2,18.43,37.2,5.25,0.67,0.06,56.9,189.6,0.12,2.51,0.0,0.0,0.0,0.0,0.0,0.8,0.0,5.0,5.0,600.0,400.0,120.0,50.0,60.0,69.7
7,3.74,7.77,68.1,20.35,40.0,5.04,0.94,0.09,53.9,404.8,0.23,2.24,0.0,0.0,0.0,0.0,0.0,0.8,0.0,5.0,5.0,600.0,400.0,160.0,50.0,60.0,74.5
7,3.74,7.77,68.1,20.35,40.0,5.04,0.94,0.09,53.9,297.6,0.22,3.0,0.0,0.0,0.0,0.0,0.0,0.8,0.0,5.0,5.0,600.0,400.0,160.0,50.0,60.0,74.8
7,3.74,7.77,68.1,20.35,40.0,5.04,0.94,0.09,53.9,297.6,0.22,3.0,0.0,0.0,0.0,0.0,0.0,0.8,0.0,5.0,5.0,600.0,400.0,100.0,50.0,60.0,81.8
7,3.74,7.77,68.1,20.35,40.0,5.04,0.94,0.09,53.9,404.8,0.23,2.24,0.0,0.0,0.0,0.0,0.0,0.8,0.0,5.0,5.0,600.0,400.0,100.0,50.0,60.0,82.1
7,3.74,7.77,68.1,20.35,40.0,5.04,0.94,0.09,53.9,285.2,0.23,3.18,0.0,0.0,0.0,0.0,0.0,0.8,0.0,5.0,5.0,600.0,400.0,120.0,50.0,60.0,85.0
7,3.74,7.77,68.1,20.35,40.0,5.04,0.94,0.09,53.9,404.8,0.23,2.24,0.0,0.0,0.0,0.0,0.0,0.8,0.0,5.0,5.0,600.0,400.0,140.0,50.0,60.0,86.1
7,3.74,7.77,68.1,20.35,40.0,5.04,0.94,0.09,53.9,297.6,0.22,3.0,0.0,0.0,0.0,0.0,0.0,0.8,0.0,5.0,5.0,600.0,400.0,140.0,50.0,60.0,86.3
7,3.74,7.77,68.1,20.35,40.0,5.04,0.94,0.09,53.9,294.3,0.23,3.13,0.0,0.0,0.0,0.0,0.0,0.8,0.0,5.0,5.0,600.0,400.0,120.0,50.0,60.0,87.5
7,7.72,2.14,71.2,18.43,37.2,5.25,0.67,0.06,56.9,210.8,0.13,2.42,0.0,0.0,0.0,0.0,0.0,0.8,0.0,5.0,5.0,600.0,400.0,120.0,50.0,60.0,87.7
7,3.74,7.77,68.1,20.35,40.0,5.04,0.94,0.09,53.9,297.6,0.22,3.0,0.0,0.0,0.0,0.0,0.0,0.8,0.0,5.0,5.0,600.0,400.0,120.0,50.0,60.0,89.7
7,7.72,2.14,71.2,18.43,37.2,5.25,0.67,0.06,56.9,322.7,0.23,2.81,0.0,0.0,0.0,0.0,0.0,0.8,0.0,5.0,5.0,600.0,400.0,120.0,50.0,60.0,91.1
8,7.01,8.93,71.7,12.35,50.9,1.26,6.08,3.81,22.0,20.48,0.42,17.34,0.0,0.0,0.0,0.0,0.0,0.8,0.0,5.0,5.0,600.0,400.0,150.0,300.0,50.0,34.3
8,7.01,8.93,71.7,12.35,50.9,1.26,6.08,3.81,22.0,29.14,0.93,10.75,0.0,0.0,0.0,0.0,0.0,0.8,0.0,5.0,5.0,600.0,400.0,90.0,300.0,50.0,77.2
8,7.01,8.93,71.7,12.35,50.9,1.26,6.08,3.81,22.0,29.14,0.93,10.75,0.0,112.2,0.0,0.0,213.0,0.8,0.0,5.0,5.0,900.0,400.0,130.0,300.0,50.0,79.2
8,7.01,8.93,71.7,12.35,50.9,1.26,6.08,3.81,22.0,29.14,0.93,10.75,0.0,112.2,0.0,0.0,213.0,0.8,0.0,5.0,5.0,600.0,400.0,150.0,300.0,50.0,82.3
8,7.01,8.93,71.7,12.35,50.9,1.26,6.08,3.81,22.0,24.77,0.77,15.59,0.0,37.4,0.0,0.0,71.0,0.8,0.0,5.0,5.0,600.0,400.0,130.0,300.0,50.0,86.1
8,7.01,8.93,71.7,12.35,50.9,1.26,6.08,3.81,22.0,29.14,0.93,10.75,0.0,112.2,0.0,0.0,213.0,0.8,0.0,5.0,5.0,600.0,400.0,110.0,300.0,50.0,86.7
8,7.01,8.93,71.7,12.35,50.9,1.26,6.08,3.81,22.0,29.14,0.93,10.75,0.0,112.2,0.0,0.0,213.0,0.8,0.0,5.0,5.0,600.0,400.0,130.0,300.0,50.0,89.5
8,7.01,8.93,71.7,12.35,50.9,1.26,6.08,3.81,22.0,29.14,0.93,10.75,0.0,112.2,0.0,0.0,213.0,0.8,0.0,5.0,5.0,600.0,400.0,130.0,300.0,50.0,89.7
8,7.01,8.93,71.7,12.35,50.9,1.26,6.08,3.81,22.0,29.14,0.93,10.75,0.0,112.2,0.0,0.0,213.0,0.8,0.0,5.0,5.0,600.0,400.0,130.0,300.0,50.0,89.7
8,7.01,8.93,71.7,12.35,50.9,1.26,6.08,3.81,22.0,29.14,0.93,10.75,0.0,112.2,0.0,0.0,213.0,0.8,0.0,5.0,5.0,600.0,400.0,130.0,300.0,50.0,89.8
8,7.01,8.93,71.7,12.35,50.9,1.26,6.08,3.81,22.0,29.14,0.93,10.75,0.0,112.2,0.0,0.0,213.0,0.8,0.0,5.0,5.0,600.0,400.0,130.0,300.0,50.0,93.0
8,7.01,8.93,71.7,12.35,50.9,1.26,6.08,3.81,22.0,29.14,0.93,10.75,0.0,112.2,0.0,0.0,213.0,0.8,0.0,5.0,1.55,600.0,400.0,130.0,300.0,50.0,93.1
8,7.01,8.93,71.7,12.35,50.9,1.26,6.08,3.81,22.0,29.14,0.93,10.75,0.0,112.2,0.0,0.0,213.0,0.8,0.0,5.0,5.0,600.0,600.0,130.0,300.0,50.0,93.2
8,7.01,8.93,71.7,12.35,50.9,1.26,6.08,3.81,22.0,29.14,0.93,10.75,0.0,112.2,0.0,0.0,213.0,0.8,0.0,10.0,5.0,600.0,400.0,130.0,300.0,50.0,93.4
8,7.01,8.93,71.7,12.35,50.9,1.26,6.08,3.81,22.0,29.14,0.93,10.75,0.0,112.2,0.0,0.0,213.0,0.8,0.0,5.0,5.0,600.0,400.0,130.0,300.0,50.0,94.5
8,7.01,8.93,71.7,12.35,50.9,1.26,6.08,3.81,22.0,29.14,0.93,10.75,0.0,112.2,0.0,0.0,213.0,0.8,0.0,5.0,0.0,600.0,400.0,130.0,300.0,50.0,96.9
8,7.01,8.93,71.7,12.35,50.9,1.26,6.08,3.81,22.0,29.14,0.93,10.75,0.0,112.2,0.0,0.0,213.0,0.8,0.0,15.0,5.0,600.0,400.0,130.0,300.0,50.0,97.1
8,7.01,8.93,71.7,12.35,50.9,1.26,6.08,3.81,22.0,29.14,0.93,10.75,0.0,112.2,0.0,0.0,213.0,0.8,0.0,5.0,5.0,600.0,800.0,130.0,300.0,50.0,97.1
9,7.01,8.93,71.7,12.35,50.9,1.26,6.08,3.81,22.0,33.51,0.07,6.86,0.0,0.0,0.0,0.0,0.0,0.8,0.0,5.0,5.0,800.0,400.0,120.0,70.0,65.0,27.3
9,2.41,29.1,50.3,18.17,35.8,4.81,3.34,0.6,23.9,22.72,0.07,2.62,0.0,0.0,0.0,0.0,0.0,0.8,0.0,5.0,5.0,800.0,400.0,120.0,70.0,65.0,35.9
9,7.01,8.93,71.7,12.35,50.9,1.26,6.08,3.81,22.0,147.01,0.16,4.42,0.0,0.0,0.0,0.0,0.0,0.8,0.0,5.0,5.0,800.0,400.0,120.0,70.0,65.0,52.3
9,2.41,29.1,50.3,18.17,35.8,4.81,3.34,0.6,23.9,238.34,0.16,2.62,0.0,0.0,0.0,0.0,0.0,0.8,0.0,5.0,5.0,800.0,400.0,120.0,70.0,65.0,56.5
9,7.01,8.93,71.7,12.35,50.9,1.26,6.08,3.81,22.0,190.89,0.2,4.02,0.0,0.0,0.0,0.0,0.0,0.8,0.0,5.0,11.0,800.0,400.0,120.0,70.0,65.0,71.0
9,7.01,8.93,71.7,12.35,50.9,1.26,6.08,3.81,22.0,164.42,0.18,4.09,0.0,0.0,0.0,0.0,0.0,0.8,0.0,5.0,5.0,800.0,400.0,120.0,70.0,65.0,74.1
9,7.01,8.93,71.7,12.35,50.9,1.26,6.08,3.81,22.0,190.89,0.2,4.02,0.0,0.0,0.0,0.0,0.0,0.8,0.0,5.0,5.0,800.0,0.0,120.0,70.0,65.0,75.0
9,7.01,8.93,71.7,12.35,50.9,1.26,6.08,3.81,22.0,190.89,0.2,4.02,0.0,0.0,0.0,0.0,0.0,0.8,0.0,5.0,5.0,800.0,400.0,80.0,70.0,65.0,75.7
9,7.01,8.93,71.7,12.35,50.9,1.26,6.08,3.81,22.0,190.89,0.2,4.02,0.0,0.0,0.0,0.0,0.0,0.8,0.0,0.0,5.0,800.0,400.0,120.0,70.0,65.0,76.0
9,2.41,29.1,50.3,18.17,35.8,4.81,3.34,0.6,23.9,361.08,0.25,2.76,0.0,0.0,0.0,0.0,0.0,0.8,0.0,0.0,5.0,800.0,400.0,120.0,70.0,65.0,77.0
9,2.41,29.1,50.3,18.17,35.8,4.81,3.34,0.6,23.9,361.08,0.25,2.76,0.0,0.0,0.0,0.0,0.0,0.8,0.0,5.0,11.0,800.0,400.0,120.0,70.0,65.0,80.0
9,7.01,8.93,71.7,12.35,50.9,1.26,6.08,3.81,22.0,190.89,0.2,4.02,0.0,0.0,0.0,0.0,0.0,0.8,0.0,5.0,8.0,800.0,400.0,120.0,70.0,65.0,80.0
9,7.01,8.93,71.7,12.35,50.9,1.26,6.08,3.81,22.0,190.89,0.2,4.02,0.0,0.0,0.0,0.0,0.0,0.8,0.0,5.0,5.0,800.0,400.0,160.0,70.0,65.0,82.3
9,7.01,8.93,71.7,12.35,50.9,1.26,6.08,3.81,22.0,171.11,0.18,4.25,0.0,0.0,0.0,0.0,0.0,0.8,0.0,5.0,5.0,800.0,400.0,120.0,70.0,65.0,82.4
9,7.01,8.93,71.7,12.35,50.9,1.26,6.08,3.81,22.0,190.89,0.2,4.02,0.0,0.0,0.0,0.0,0.0,0.8,0.0,2.0,5.0,800.0,400.0,120.0,70.0,65.0,83.0
9,7.01,8.93,71.7,12.35,50.9,1.26,6.08,3.81,22.0,190.89,0.2,4.02,0.0,0.0,0.0,0.0,0.0,0.8,0.0,5.0,5.0,1200.0,400.0,120.0,70.0,65.0,83.0
9,2.41,29.1,50.3,18.17,35.8,4.81,3.34,0.6,23.9,361.08,0.25,2.76,0.0,0.0,0.0,0.0,0.0,0.8,0.0,5.0,5.0,800.0,400.0,160.0,70.0,65.0,83.7
9,7.01,8.93,71.7,12.35,50.9,1.26,6.08,3.81,22.0,190.89,0.2,4.02,0.0,0.0,0.0,0.0,0.0,0.8,0.0,5.0,5.0,800.0,200.0,120.0,70.0,65.0,84.0
9,7.01,8.93,71.7,12.35,50.9,1.26,6.08,3.81,22.0,190.89,0.2,4.02,0.0,0.0,0.0,0.0,0.0,0.8,0.0,5.0,5.0,800.0,400.0,140.0,70.0,65.0,84.3
9,2.41,29.1,50.3,18.17,35.8,4.81,3.34,0.6,23.9,361.08,0.25,2.76,0.0,0.0,0.0,0.0,0.0,0.8,0.0,2.0,5.0,800.0,400.0,120.0,70.0,65.0,85.0
9,2.41,29.1,50.3,18.17,35.8,4.81,3.34,0.6,23.9,361.08,0.25,2.76,0.0,0.0,0.0,0.0,0.0,0.8,0.0,5.0,5.0,800.0,0.0,120.0,70.0,65.0,85.0
9,2.41,29.1,50.3,18.17,35.8,4.81,3.34,0.6,23.9,361.08,0.25,2.76,0.0,0.0,0.0,0.0,0.0,0.8,0.0,5.0,8.0,800.0,400.0,120.0,70.0,65.0,85.0
9,2.41,29.1,50.3,18.17,35.8,4.81,3.34,0.6,23.9,361.08,0.25,2.76,0.0,0.0,0.0,0.0,0.0,0.8,0.0,5.0,5.0,800.0,400.0,80.0,70.0,65.0,85.9
9,2.41,29.1,50.3,18.17,35.8,4.81,3.34,0.6,23.9,361.08,0.25,2.76,0.0,0.0,0.0,0.0,0.0,0.8,0.0,5.0,5.0,800.0,200.0,120.0,70.0,65.0,86.0
9,7.01,8.93,71.7,12.35,50.9,1.26,6.08,3.81,22.0,190.89,0.2,4.02,0.0,0.0,0.0,0.0,0.0,0.8,0.0,5.0,5.0,800.0,400.0,120.0,70.0,65.0,86.0
9,2.41,29.1,50.3,18.17,35.8,4.81,3.34,0.6,23.9,361.08,0.25,2.76,0.0,0.0,0.0,0.0,0.0,0.8,0.0,5.0,5.0,1200.0,400.0,120.0,70.0,65.0,86.0
9,7.01,8.93,71.7,12.35,50.9,1.26,6.08,3.81,22.0,186.87,0.18,4.15,0.0,0.0,0.0,0.0,0.0,0.8,0.0,5.0,5.0,800.0,400.0,120.0,70.0,65.0,86.1
9,7.01,8.93,71.7,12.35,50.9,1.26,6.08,3.81,22.0,190.89,0.2,4.02,0.0,0.0,0.0,0.0,0.0,0.8,0.0,5.0,5.0,800.0,400.0,120.0,70.0,65.0,87.0
9,2.41,29.1,50.3,18.17,35.8,4.81,3.34,0.6,23.9,275.93,0.2,2.96,0.0,0.0,0.0,0.0,0.0,0.8,0.0,5.0,5.0,800.0,400.0,120.0,70.0,65.0,87.1
9,7.01,8.93,71.7,12.35,50.9,1.26,6.08,3.81,22.0,190.89,0.2,4.02,0.0,0.0,0.0,0.0,0.0,0.8,0.0,5.0,5.0,800.0,400.0,120.0,70.0,65.0,88.0
9,7.01,8.93,71.7,12.35,50.9,1.26,6.08,3.81,22.0,190.89,0.2,4.02,0.0,0.0,0.0,0.0,0.0,0.8,0.0,5.0,5.0,800.0,400.0,120.0,70.0,65.0,88.0
9,2.41,29.1,50.3,18.17,35.8,4.81,3.34,0.6,23.9,361.08,0.25,2.76,0.0,0.0,0.0,0.0,0.0,0.8,0.0,5.0,5.0,800.0,400.0,140.0,70.0,65.0,88.4
9,7.01,8.93,71.7,12.35,50.9,1.26,6.08,3.81,22.0,190.89,0.2,4.02,0.0,0.0,0.0,0.0,0.0,0.8,0.0,5.0,5.0,800.0,400.0,120.0,70.0,65.0,88.7
9,7.01,8.93,71.7,12.35,50.9,1.26,6.08,3.81,22.0,190.89,0.2,4.02,0.0,0.0,0.0,0.0,0.0,0.8,0.0,5.0,5.0,800.0,400.0,120.0,70.0,65.0,88.8
9,7.01,8.93,71.7,12.35,50.9,1.26,6.08,3.81,22.0,190.89,0.2,4.02,0.0,0.0,0.0,0.0,0.0,0.8,0.0,5.0,5.0,0.0,400.0,120.0,70.0,65.0,89.0
9,2.41,29.1,50.3,18.17,35.8,4.81,3.34,0.6,23.9,281.28,0.21,2.9,0.0,0.0,0.0,0.0,0.0,0.8,0.0,5.0,5.0,800.0,400.0,120.0,70.0,65.0,89.4
9,7.01,8.93,71.7,12.35,50.9,1.26,6.08,3.81,22.0,190.89,0.2,4.02,0.0,0.0,0.0,0.0,0.0,0.8,0.0,5.0,5.0,800.0,400.0,120.0,70.0,65.0,89.4
9,2.41,29.1,50.3,18.17,35.8,4.81,3.34,0.6,23.9,340.32,0.25,2.9,0.0,0.0,0.0,0.0,0.0,0.8,0.0,5.0,5.0,800.0,400.0,120.0,70.0,65.0,90.6
9,2.41,29.1,50.3,18.17,35.8,4.81,3.34,0.6,23.9,361.08,0.25,2.76,0.0,0.0,0.0,0.0,0.0,0.8,0.0,5.0,5.0,800.0,800.0,120.0,70.0,65.0,91.0
10,2.41,29.1,50.3,18.17,35.8,4.81,3.34,0.6,23.9,1.95,2.76,16.78,0.0,0.0,0.0,0.0,0.0,1.0,0.0,5.0,3.0,500.0,300.0,120.0,50.0,80.0,5.3
11,2.41,29.1,50.3,18.17,35.8,4.81,3.34,0.6,23.9,1.95,2.76,16.78,0.0,0.0,0.0,0.0,0.0,0.9,0.0,5.0,1.0,600.0,400.0,120.0,250.0,60.0,12.7
11,2.41,29.1,50.3,18.17,35.8,4.81,3.34,0.6,23.9,3.71,2.99,23.57,0.0,0.0,0.0,0.0,0.0,0.9,0.0,5.0,1.0,600.0,400.0,120.0,250.0,60.0,25.8
11,2.41,29.1,50.3,18.17,35.8,4.81,3.34,0.6,23.9,19.66,31.98,8.98,0.0,0.0,4.08,0.0,0.0,0.9,0.0,5.0,6.0,600.0,400.0,120.0,250.0,60.0,72.5
11,2.41,29.1,50.3,18.17,35.8,4.81,3.34,0.6,23.9,19.66,31.98,8.98,0.0,0.0,4.08,0.0,0.0,0.9,0.0,0.0,1.0,600.0,400.0,120.0,250.0,60.0,76.8
11,2.41,29.1,50.3,18.17,35.8,4.81,3.34,0.6,23.9,19.66,31.98,8.98,0.0,0.0,4.08,0.0,0.0,0.9,0.0,5.0,1.0,600.0,0.0,120.0,250.0,60.0,78.7
11,2.41,29.1,50.3,18.17,35.8,4.81,3.34,0.6,23.9,20.21,32.46,9.72,0.0,0.0,0.816,0.0,0.0,0.9,0.0,5.0,1.0,600.0,400.0,120.0,250.0,60.0,80.2
11,2.41,29.1,50.3,18.17,35.8,4.81,3.34,0.6,23.9,19.66,31.98,8.98,0.0,0.0,4.08,0.0,0.0,0.9,0.0,5.0,1.0,1200.0,400.0,120.0,250.0,60.0,84.7
11,2.41,29.1,50.3,18.17,35.8,4.81,3.34,0.6,23.9,19.66,31.98,8.98,0.0,0.0,4.08,0.0,0.0,0.9,0.0,5.0,0.0,600.0,400.0,120.0,250.0,60.0,85.7
11,2.41,29.1,50.3,18.17,35.8,4.81,3.34,0.6,23.9,19.66,31.98,8.98,0.0,0.0,4.08,0.0,0.0,0.9,0.0,5.0,1.0,600.0,400.0,80.0,250.0,60.0,85.8
11,2.41,29.1,50.3,18.17,35.8,4.81,3.34,0.6,23.9,19.66,31.98,8.98,0.0,0.0,4.08,0.0,0.0,0.9,0.0,5.0,1.0,0.0,400.0,120.0,250.0,60.0,91.2
11,2.41,29.1,50.3,18.17,35.8,4.81,3.34,0.6,23.9,19.66,31.98,8.98,0.0,0.0,4.08,0.0,0.0,0.9,0.0,5.0,1.0,600.0,400.0,120.0,250.0,60.0,92.9
11,2.41,29.1,50.3,18.17,35.8,4.81,3.34,0.6,23.9,19.66,31.98,8.98,0.0,0.0,4.08,0.0,0.0,0.9,0.0,5.0,1.0,600.0,400.0,120.0,250.0,60.0,92.9
11,2.41,29.1,50.3,18.17,35.8,4.81,3.34,0.6,23.9,19.66,31.98,8.98,0.0,0.0,4.08,0.0,0.0,0.9,0.0,5.0,1.0,600.0,400.0,120.0,250.0,60.0,92.9
11,2.41,29.1,50.3,18.17,35.8,4.81,3.34,0.6,23.9,19.66,31.98,8.98,0.0,0.0,4.08,0.0,0.0,0.9,0.0,5.0,1.0,600.0,400.0,120.0,250.0,60.0,92.9
11,2.41,29.1,50.3,18.17,35.8,4.81,3.34,0.6,23.9,19.66,31.98,8.98,0.0,0.0,4.08,0.0,0.0,0.9,0.0,5.0,1.0,600.0,400.0,120.0,250.0,60.0,93.0
11,2.41,29.1,50.3,18.17,35.8,4.81,3.34,0.6,23.9,19.66,31.98,8.98,0.0,0.0,4.08,0.0,0.0,0.9,0.0,5.0,1.0,600.0,400.0,120.0,250.0,60.0,93.2
11,2.41,29.1,50.3,18.17,35.8,4.81,3.34,0.6,23.9,19.66,31.98,8.98,0.0,0.0,4.08,0.0,0.0,0.9,0.0,5.0,1.0,600.0,400.0,160.0,250.0,60.0,94.9
11,2.41,29.1,50.3,18.17,35.8,4.81,3.34,0.6,23.9,19.66,31.98,8.98,0.0,0.0,4.08,0.0,0.0,0.9,0.0,8.0,1.0,600.0,400.0,120.0,250.0,60.0,96.0
11,2.41,29.1,50.3,18.17,35.8,4.81,3.34,0.6,23.9,19.66,31.98,8.98,0.0,0.0,4.08,0.0,0.0,0.9,0.0,5.0,1.0,600.0,800.0,120.0,250.0,60.0,96.3
11,2.41,29.1,50.3,18.17,35.8,4.81,3.34,0.6,23.9,19.47,29.85,10.22,0.0,0.0,7.35,0.0,0.0,0.9,0.0,5.0,1.0,600.0,400.0,120.0,250.0,60.0,98.2
12,16.4,37.8,33.0,12.7,39.6,4.49,2.85,1.2,32.4,2.4,0.01,5.16,0.0,0.0,0.0,0.0,0.0,0.85,0.0,6.0,0.0,0.0,0.0,120.0,100.0,28.5,24.0
12,16.4,37.8,33.0,12.7,39.6,4.49,2.85,1.2,32.4,67.89,0.06,6.01,0.0,0.0,0.0,0.0,0.0,0.85,0.0,6.0,0.0,0.0,0.0,120.0,100.0,28.5,32.2
12,16.4,37.8,33.0,12.7,39.6,4.49,2.85,1.2,32.4,24.92,0.04,10.6,0.0,0.0,0.0,0.0,5.0,0.85,0.0,6.0,0.0,0.0,0.0,180.0,100.0,28.5,61.4
12,16.4,37.8,33.0,12.7,39.6,4.49,2.85,1.2,32.4,3.5,0.02,86.97,0.0,0.0,0.0,0.0,5.0,0.85,0.0,6.0,0.0,0.0,0.0,120.0,100.0,28.5,65.8
12,16.4,37.8,33.0,12.7,39.6,4.49,2.85,1.2,32.4,24.92,0.04,10.6,0.0,0.0,0.0,0.0,5.0,0.85,0.0,6.0,3.0,0.0,0.0,120.0,100.0,28.5,66.8
12,16.4,37.8,33.0,12.7,39.6,4.49,2.85,1.2,32.4,24.92,0.04,10.6,0.0,0.0,0.0,0.0,5.0,0.85,0.0,6.0,0.0,1000.0,0.0,120.0,100.0,28.5,74.0
12,16.4,37.8,33.0,12.7,39.6,4.49,2.85,1.2,32.4,24.92,0.04,10.6,0.0,0.0,0.0,0.0,5.0,0.85,0.0,0.0,0.0,0.0,0.0,120.0,100.0,28.5,74.4
12,16.4,37.8,33.0,12.7,39.6,4.49,2.85,1.2,32.4,24.92,0.04,10.6,0.0,0.0,0.0,0.0,5.0,0.85,0.0,3.0,0.0,0.0,0.0,120.0,100.0,28.5,78.7
12,16.4,37.8,33.0,12.7,39.6,4.49,2.85,1.2,32.4,24.92,0.04,10.6,0.0,0.0,0.0,0.0,5.0,0.85,0.0,6.0,1.0,0.0,0.0,120.0,100.0,28.5,80.1
12,16.4,37.8,33.0,12.7,39.6,4.49,2.85,1.2,32.4,24.92,0.04,10.6,0.0,0.0,0.0,0.0,5.0,0.85,0.0,6.0,0.0,700.0,0.0,120.0,100.0,28.5,80.4
12,16.4,37.8,33.0,12.7,39.6,4.49,2.85,1.2,32.4,24.92,0.04,10.6,0.0,0.0,0.0,0.0,5.0,0.85,0.0,6.0,0.0,0.0,0.0,120.0,100.0,28.5,81.3
12,16.4,37.8,33.0,12.7,39.6,4.49,2.85,1.2,32.4,24.92,0.04,10.6,0.0,0.0,0.0,0.0,5.0,0.85,0.0,6.0,0.0,0.0,0.0,120.0,100.0,28.5,81.5
12,16.4,37.8,33.0,12.7,39.6,4.49,2.85,1.2,32.4,24.92,0.04,10.6,0.0,0.0,0.0,0.0,5.0,0.85,0.0,6.0,0.0,0.0,0.0,120.0,100.0,28.5,81.6
12,16.4,37.8,33.0,12.7,39.6,4.49,2.85,1.2,32.4,24.92,0.04,10.6,0.0,0.0,0.0,0.0,5.0,0.85,0.0,6.0,0.0,0.0,0.0,120.0,100.0,28.5,81.6
12,16.4,37.8,33.0,12.7,39.6,4.49,2.85,1.2,32.4,24.92,0.04,10.6,0.0,0.0,0.0,0.0,5.0,0.85,0.0,6.0,0.0,0.0,0.0,120.0,100.0,28.5,81.7
12,16.4,37.8,33.0,12.7,39.6,4.49,2.85,1.2,32.4,24.92,0.04,10.6,0.0,0.0,0.0,0.0,5.0,0.85,0.0,6.0,0.0,0.0,0.0,120.0,100.0,28.5,81.8
12,16.4,37.8,33.0,12.7,39.6,4.49,2.85,1.2,32.4,24.92,0.04,10.6,0.0,0.0,0.0,0.0,5.0,0.85,0.0,6.0,0.0,0.0,0.0,120.0,100.0,28.5,81.9
12,16.4,37.8,33.0,12.7,39.6,4.49,2.85,1.2,32.4,24.92,0.04,10.6,0.0,0.0,0.0,0.0,5.0,0.85,0.0,6.0,0.0,0.0,100.0,120.0,100.0,28.5,83.0
12,16.4,37.8,33.0,12.7,39.6,4.49,2.85,1.2,32.4,24.92,0.04,10.6,0.0,0.0,0.0,0.0,5.0,0.85,0.0,9.0,0.0,0.0,0.0,120.0,100.0,28.5,83.0
12,16.4,37.8,33.0,12.7,39.6,4.49,2.85,1.2,32.4,24.92,0.04,10.6,0.0,0.0,0.0,0.0,5.0,0.85,0.0,6.0,0.0,0.0,100.0,120.0,100.0,28.5,83.0
12,16.4,37.8,33.0,12.7,39.6,4.49,2.85,1.2,32.4,24.92,0.04,10.6,0.0,0.0,0.0,0.0,5.0,0.85,0.0,6.0,0.0,400.0,0.0,120.0,100.0,28.5,84.9
12,16.4,37.8,33.0,12.7,39.6,4.49,2.85,1.2,32.4,24.92,0.04,10.6,0.0,0.0,0.0,0.0,5.0,0.85,0.0,6.0,0.0,100.0,100.0,120.0,100.0,28.5,88.9
12,16.4,37.8,33.0,12.7,39.6,4.49,2.85,1.2,32.4,24.92,0.04,10.6,0.0,0.0,0.0,0.0,5.0,0.85,0.0,6.0,3.0,100.0,100.0,120.0,100.0,28.5,89.3
12,16.4,37.8,33.0,12.7,39.6,4.49,2.85,1.2,32.4,24.92,0.04,10.6,0.0,0.0,0.0,0.0,5.0,0.85,0.0,6.0,0.0,0.0,0.0,80.0,100.0,28.5,91.9
12,16.4,37.8,33.0,12.7,39.6,4.49,2.85,1.2,32.4,24.92,0.04,10.6,0.0,0.0,0.0,0.0,5.0,0.85,0.0,6.0,0.0,100.0,0.0,120.0,100.0,28.5,93.3
12,16.4,37.8,33.0,12.7,39.6,4.49,2.85,1.2,32.4,24.92,0.04,10.6,0.0,0.0,0.0,0.0,5.0,0.85,0.0,6.0,0.0,100.0,0.0,120.0,100.0,28.5,93.5
12,16.4,37.8,33.0,12.7,39.6,4.49,2.85,1.2,32.4,24.92,0.04,10.6,0.0,0.0,0.0,0.0,5.0,0.85,0.0,6.0,3.0,1000.0,300.0,120.0,100.0,28.5,95.2
12,16.4,37.8,33.0,12.7,39.6,4.49,2.85,1.2,32.4,24.92,0.04,10.6,0.0,0.0,0.0,0.0,5.0,0.85,0.0,6.0,0.0,0.0,0.0,50.0,100.0,28.5,95.2
12,16.4,37.8,33.0,12.7,39.6,4.49,2.85,1.2,32.4,24.92,0.04,10.6,0.0,0.0,0.0,0.0,5.0,0.85,0.0,6.0,0.0,0.0,300.0,120.0,100.0,28.5,96.3
13,0.2,8.3,63.0,28.5,43.6,5.8,0.8,0.0,49.8,424.1,0.21,2.41,0.0,0.0,0.0,0.0,13.3,0.85,0.0,0.0,0.0,0.0,0.0,120.0,5.0,29.0,78.3
13,0.2,8.3,63.0,28.5,43.6,5.8,0.8,0.0,49.8,449.3,0.22,2.3,0.0,0.0,0.0,0.0,0.0,0.85,0.0,0.0,0.0,0.0,0.0,120.0,5.0,29.0,85.5
13,0.2,8.3,63.0,28.5,43.6,5.8,0.8,0.0,49.8,345.8,0.18,2.93,4.6,0.0,0.0,15.4,0.0,0.85,0.0,0.0,0.0,0.0,0.0,120.0,5.0,29.0,97.3
13,0.2,8.3,63.0,28.5,43.6,5.8,0.8,0.0,49.8,184.4,0.1,2.94,0.0,0.0,0.0,0.0,66.4,0.85,0.0,0.0,0.0,0.0,0.0,120.0,5.0,29.0,98.7
13,0.2,8.3,63.0,28.5,43.6,5.8,0.8,0.0,49.8,388.0,0.21,3.08,0.0,0.0,0.0,17.5,0.0,0.85,0.0,0.0,0.0,0.0,0.0,120.0,5.0,29.0,99.8
13,0.2,8.3,63.0,28.5,43.6,5.8,0.8,0.0,49.8,135.3,0.07,3.49,77.0,0.0,0.0,23.0,0.0,0.85,0.0,0.0,0.0,0.0,0.0,120.0,5.0,29.0,100.0
14,2.41,29.1,50.3,18.17,35.8,4.81,3.34,0.6,23.9,26.2,0.03,4.63,0.0,0.0,0.0,0.0,0.0,0.9,0.0,5.0,1.0,600.0,400.0,120.0,250.0,60.0,37.1
14,2.41,29.1,50.3,18.17,35.8,4.81,3.34,0.6,23.9,19.76,0.03,14.04,0.0,0.0,0.0,0.0,3.3,0.9,0.0,5.0,6.0,600.0,400.0,120.0,250.0,60.0,66.6
14,2.41,29.1,50.3,18.17,35.8,4.81,3.34,0.6,23.9,19.76,0.03,14.04,0.0,0.0,0.0,0.0,3.3,0.9,0.0,0.0,1.0,600.0,400.0,120.0,250.0,60.0,71.8
14,2.41,29.1,50.3,18.17,35.8,4.81,3.34,0.6,23.9,24.56,0.03,6.13,0.0,0.0,0.0,0.0,0.66,0.9,0.0,5.0,1.0,600.0,400.0,120.0,250.0,60.0,74.0
14,2.41,29.1,50.3,18.17,35.8,4.81,3.34,0.6,23.9,19.76,0.03,14.04,0.0,0.0,0.0,0.0,3.3,0.9,0.0,5.0,1.0,600.0,0.0,120.0,250.0,60.0,79.3
14,2.41,29.1,50.3,18.17,35.8,4.81,3.34,0.6,23.9,19.76,0.03,14.04,0.0,0.0,0.0,0.0,3.3,0.9,0.0,5.0,0.0,600.0,400.0,120.0,250.0,60.0,79.3
14,2.41,29.1,50.3,18.17,35.8,4.81,3.34,0.6,23.9,19.76,0.03,14.04,0.0,0.0,0.0,0.0,3.3,0.9,0.0,8.0,1.0,1200.0,400.0,120.0,250.0,60.0,81.3
14,2.41,29.1,50.3,18.17,35.8,4.81,3.34,0.6,23.9,19.76,0.03,14.04,0.0,0.0,0.0,0.0,3.3,0.9,0.0,5.0,1.0,600.0,400.0,80.0,250.0,60.0,81.7
14,2.41,29.1,50.3,18.17,35.8,4.81,3.34,0.6,23.9,19.76,0.03,14.04,0.0,0.0,0.0,0.0,3.3,0.9,0.0,0.0,1.0,0.0,400.0,120.0,250.0,60.0,87.9
14,2.41,29.1,50.3,18.17,35.8,4.81,3.34,0.6,23.9,19.76,0.03,14.04,0.0,0.0,0.0,0.0,3.3,0.9,0.0,5.0,1.0,600.0,400.0,120.0,250.0,60.0,89.1
14,2.41,29.1,50.3,18.17,35.8,4.81,3.34,0.6,23.9,19.76,0.03,14.04,0.0,0.0,0.0,0.0,3.3,0.9,0.0,5.0,1.0,600.0,400.0,120.0,250.0,60.0,89.3
14,2.41,29.1,50.3,18.17,35.8,4.81,3.34,0.6,23.9,19.76,0.03,14.04,0.0,0.0,0.0,0.0,3.3,0.9,0.0,5.0,1.0,600.0,400.0,120.0,250.0,60.0,89.3
14,2.41,29.1,50.3,18.17,35.8,4.81,3.34,0.6,23.9,19.76,0.03,14.04,0.0,0.0,0.0,0.0,3.3,0.9,0.0,5.0,1.0,600.0,400.0,120.0,250.0,60.0,89.3
14,2.41,29.1,50.3,18.17,35.8,4.81,3.34,0.6,23.9,19.76,0.03,14.04,0.0,0.0,0.0,0.0,3.3,0.9,0.0,5.0,1.0,600.0,400.0,120.0,250.0,60.0,89.4
14,2.41,29.1,50.3,18.17,35.8,4.81,3.34,0.6,23.9,19.76,0.03,14.04,0.0,0.0,0.0,0.0,3.3,0.9,0.0,5.0,1.0,600.0,400.0,120.0,250.0,60.0,89.4
14,2.41,29.1,50.3,18.17,35.8,4.81,3.34,0.6,23.9,19.76,0.03,14.04,0.0,0.0,0.0,0.0,3.3,0.9,0.0,5.0,1.0,600.0,400.0,150.0,250.0,60.0,92.9
14,2.41,29.1,50.3,18.17,35.8,4.81,3.34,0.6,23.9,19.76,0.03,14.04,0.0,0.0,0.0,0.0,3.3,0.9,0.0,5.0,1.0,600.0,800.0,120.0,250.0,60.0,94.6
14,2.41,29.1,50.3,18.17,35.8,4.81,3.34,0.6,23.9,19.76,0.03,14.04,0.0,0.0,0.0,0.0,3.3,0.9,0.0,8.0,1.0,600.0,400.0,120.0,250.0,60.0,94.7
14,2.41,29.1,50.3,18.17,35.8,4.81,3.34,0.6,23.9,15.83,0.03,14.38,0.0,0.0,0.0,0.0,5.97,0.9,0.0,5.0,1.0,600.0,400.0,120.0,250.0,60.0,94.9
15,10.8,2.55,68.2,18.46,38.9,9.41,2.34,0.15,35.9,28.64,1.59,21.02,0.0,0.0,0.0,0.0,0.0,2.0,0.0,0.0,0.0,0.0,0.0,90.0,350.0,26.7,45.8
15,10.8,2.55,68.2,18.46,38.9,9.41,2.34,0.15,35.9,189.3,1.56,127.3,0.0,0.0,0.0,0.0,0.0,2.0,0.0,0.0,0.0,0.0,0.0,90.0,350.0,26.7,91.7
15,10.8,2.55,68.2,18.46,38.9,9.41,2.34,0.15,35.9,156.28,1.72,119.4,0.0,0.0,0.0,0.0,18.2,2.0,0.0,0.0,0.0,0.0,0.0,90.0,350.0,26.7,94.8
16,5.08,5.38,18.5,71.07,87.3,0.98,1.03,0.26,10.5,253.34,0.12,2.24,0.0,0.0,0.0,0.0,0.0,1.0,0.0,0.0,0.0,0.0,0.0,210.0,500.0,90.0,5.2
16,5.08,5.38,18.5,71.07,87.3,0.98,1.03,0.26,10.5,253.34,0.12,2.24,0.0,0.0,0.0,0.0,0.0,1.0,0.0,0.0,0.0,0.0,0.0,170.0,500.0,90.0,8.2
16,5.08,5.38,18.5,71.07,87.3,0.98,1.03,0.26,10.5,253.34,0.12,2.24,0.0,0.0,0.0,0.0,0.0,1.0,0.0,0.0,0.0,0.0,0.0,130.0,500.0,90.0,14.3
16,5.08,5.38,18.5,71.07,87.3,0.98,1.03,0.26,10.5,163.26,0.09,2.21,0.0,0.0,0.0,0.0,0.0,1.0,0.0,0.0,0.0,0.0,0.0,210.0,500.0,90.0,16.3
16,5.08,5.38,18.5,71.07,87.3,0.98,1.03,0.26,10.5,253.34,0.12,2.24,0.0,0.0,0.0,0.0,0.0,1.0,0.0,0.0,0.0,0.0,0.0,90.0,500.0,90.0,28.5
16,5.08,5.38,18.5,71.07,87.3,0.98,1.03,0.26,10.5,163.26,0.09,2.21,0.0,0.0,0.0,0.0,0.0,1.0,0.0,0.0,0.0,0.0,0.0,170.0,500.0,90.0,32.8
16,5.08,5.38,18.5,71.07,87.3,0.98,1.03,0.26,10.5,253.34,0.12,2.24,0.0,0.0,0.0,0.0,0.0,1.0,0.0,0.0,0.0,0.0,0.0,30.0,500.0,90.0,49.7
16,5.08,5.38,18.5,71.07,87.3,0.98,1.03,0.26,10.5,163.26,0.09,2.21,0.0,0.0,0.0,0.0,0.0,1.0,0.0,0.0,0.0,0.0,0.0,130.0,500.0,90.0,56.9
16,5.08,5.38,18.5,71.07,87.3,0.98,1.03,0.26,10.5,163.26,0.09,2.21,0.0,0.0,0.0,0.0,0.0,1.0,0.0,0.0,0.0,0.0,0.0,90.0,500.0,90.0,61.5
16,5.08,5.38,18.5,71.07,87.3,0.98,1.03,0.26,10.5,163.26,0.09,2.21,0.0,0.0,0.0,0.0,0.0,1.0,0.0,0.0,0.0,0.0,0.0,30.0,500.0,90.0,66.7
16,5.08,5.38,18.5,71.07,87.3,0.98,1.03,0.26,10.5,118.64,0.07,2.31,0.0,0.0,0.0,0.0,0.0,1.0,0.0,0.0,0.0,0.0,0.0,30.0,500.0,90.0,81.3
16,5.08,5.38,18.5,71.07,87.3,0.98,1.03,0.26,10.5,136.82,0.07,2.16,0.0,0.0,0.0,0.0,0.0,1.0,0.0,0.0,0.0,0.0,0.0,30.0,500.0,90.0,83.0
16,5.08,5.38,18.5,71.07,87.3,0.98,1.03,0.26,10.5,118.64,0.07,2.31,0.0,0.0,0.0,0.0,0.0,1.0,0.0,0.0,0.0,0.0,0.0,90.0,500.0,90.0,87.6
17,4.82,3.6,75.3,75.3,46.2,5.66,0.47,0.04,39.2,2.3,0.0,4.39,0.0,0.0,0.0,0.0,0.0,1.0,12.0,6.0,0.0,0.0,0.0,150.0,100.0,50.0,22.4
17,4.82,3.6,75.3,75.3,46.2,5.66,0.47,0.04,39.2,292.81,0.14,1.96,0.0,0.0,0.0,0.0,0.0,1.0,12.0,6.0,0.0,0.0,0.0,150.0,100.0,50.0,22.7
17,4.82,3.6,75.3,75.3,46.2,5.66,0.47,0.04,39.2,277.04,0.13,1.84,0.0,0.0,0.0,0.0,0.0,1.0,12.0,6.0,0.0,0.0,0.0,150.0,100.0,50.0,24.1
17,4.82,3.6,75.3,75.3,46.2,5.66,0.47,0.04,39.2,443.06,0.2,1.82,0.0,0.0,0.0,0.0,0.0,1.0,12.0,6.0,0.0,0.0,0.0,150.0,100.0,50.0,25.3
17,4.82,3.6,75.3,75.3,46.2,5.66,0.47,0.04,39.2,455.88,0.2,1.77,0.0,0.0,0.0,0.0,0.0,1.0,12.0,6.0,0.0,0.0,0.0,150.0,100.0,50.0,25.8
17,4.82,3.6,75.3,75.3,46.2,5.66,0.47,0.04,39.2,382.38,0.16,1.72,0.0,0.0,0.0,0.0,0.0,1.0,12.0,6.0,0.0,0.0,0.0,150.0,100.0,50.0,26.2
17,4.82,3.6,75.3,75.3,46.2,5.66,0.47,0.04,39.2,358.66,0.16,1.81,0.0,0.0,0.0,0.0,0.0,1.0,12.0,6.0,0.0,0.0,0.0,150.0,100.0,50.0,26.5
17,4.82,3.6,75.3,75.3,46.2,5.66,0.47,0.04,39.2,473.42,0.23,1.96,0.0,0.0,0.0,0.0,0.0,1.0,12.0,6.0,0.0,0.0,0.0,150.0,100.0,50.0,27.1
17,4.82,3.6,75.3,75.3,46.2,5.66,0.47,0.04,39.2,280.89,0.13,1.83,0.0,0.0,0.0,0.0,0.0,1.0,12.0,6.0,0.0,0.0,0.0,150.0,100.0,50.0,28.1
17,4.82,3.6,75.3,75.3,46.2,5.66,0.47,0.04,39.2,563.96,0.27,1.93,0.0,0.0,0.0,0.0,0.0,1.0,12.0,6.0,0.0,0.0,0.0,150.0,100.0,50.0,30.5
17,4.82,3.6,75.3,75.3,46.2,5.66,0.47,0.04,39.2,1.95,0.01,29.88,0.0,0.0,0.0,0.0,0.0,1.0,12.0,6.0,0.0,0.0,0.0,150.0,100.0,50.0,30.7
17,4.82,3.6,75.3,75.3,46.2,5.66,0.47,0.04,39.2,510.58,0.24,1.9,0.0,0.0,0.0,0.0,0.0,1.0,12.0,6.0,0.0,0.0,0.0,150.0,100.0,50.0,31.9
17,4.82,3.6,75.3,75.3,46.2,5.66,0.47,0.04,39.2,306.84,0.15,1.92,0.0,0.0,0.0,0.0,0.0,1.0,12.0,6.0,0.0,0.0,0.0,150.0,100.0,50.0,33.5
17,4.82,3.6,75.3,75.3,46.2,5.66,0.47,0.04,39.2,523.1,0.25,1.93,0.0,0.0,0.0,0.0,0.0,1.0,12.0,6.0,0.0,0.0,0.0,150.0,100.0,50.0,34.9
