panel_id,dataset,contaminant,condition_key,material_group,y_true,y_pred,n_rows
1,Dataset I,Cd (II),25.0||2.0||0.35584023,Wang2021_invasive::BBC500,0.138945788,0.537496325746064,1
1,Dataset I,Cd (II),25.0||2.0||0.35584023,Wang2021_invasive::IBC500,0.015988241,0.4450345746534639,1
1,Dataset I,Cd (II),25.0||2.0||0.35584023,Wang2021_invasive::LBC500,0.012643458,0.3999546589800145,1
1,Dataset I,Cd (II),25.0||2.0||0.35584023,Wang2021_invasive::MBC500,0.019389275,0.4832435328608265,1
1,Dataset I,Cd (II),25.0||2.0||0.35584023,Wang2021_invasive::PBC500,0.012620039,0.3692327991336009,1
1,Dataset I,Cd (II),25.0||3.0||0.35584023,Wang2021_invasive::BBC500,0.292047256,0.5401703529721852,1
1,Dataset I,Cd (II),25.0||3.0||0.35584023,Wang2021_invasive::IBC500,0.158293981,0.4477086018795851,1
1,Dataset I,Cd (II),25.0||3.0||0.35584023,Wang2021_invasive::LBC500,0.139833805,0.4026286862061358,1
1,Dataset I,Cd (II),25.0||3.0||0.35584023,Wang2021_invasive::MBC500,0.246082092,0.4859175600869476,1
1,Dataset I,Cd (II),25.0||3.0||0.35584023,Wang2021_invasive::PBC500,0.118754712,0.3716720045737962,1
1,Dataset I,Cd (II),25.0||4.0||0.35584023,Wang2021_invasive::BBC500,0.35107494,0.5419613854397176,1
1,Dataset I,Cd (II),25.0||4.0||0.35584023,Wang2021_invasive::IBC500,0.342662667,0.4494996343471175,1
1,Dataset I,Cd (II),25.0||4.0||0.35584023,Wang2021_invasive::LBC500,0.347970643,0.4030143710546205,1
1,Dataset I,Cd (II),25.0||4.0||0.35584023,Wang2021_invasive::MBC500,0.342911293,0.4869878544592421,1
1,Dataset I,Cd (II),25.0||4.0||0.35584023,Wang2021_invasive::PBC500,0.32920306,0.372057689422281,1
1,Dataset I,Cd (II),25.0||5.0||0.35584023,Wang2021_invasive::BBC500,0.353738813,0.5466972551366873,1
1,Dataset I,Cd (II),25.0||5.0||0.35584023,Wang2021_invasive::IBC500,0.34784859,0.4527962676804509,1
1,Dataset I,Cd (II),25.0||5.0||0.35584023,Wang2021_invasive::LBC500,0.350360075,0.4077502407515903,1
1,Dataset I,Cd (II),25.0||5.0||0.35584023,Wang2021_invasive::MBC500,0.346142283,0.4919634151735279,1
1,Dataset I,Cd (II),25.0||5.0||0.35584023,Wang2021_invasive::PBC500,0.348691469,0.3760529227556144,1
2,Dataset I,Cd (II),25.0||3.0||1.7792,Cui2016_Canna::CI300,0.2829,0.5822053551673889,1
2,Dataset I,Cd (II),25.0||3.0||1.7792,Cui2016_Canna::CI400,0.3985,0.5633182525634766,1
2,Dataset I,Cd (II),25.0||3.0||1.7792,Cui2016_Canna::CI500,0.9697,0.5403971076011658,1
2,Dataset I,Cd (II),25.0||3.0||1.7792,Cui2016_Canna::CI600,0.7571,0.6592199802398682,1
2,Dataset I,Cd (II),25.0||4.0||1.7792,Cui2016_Canna::CI300,0.5774,0.6660895347595215,1
2,Dataset I,Cd (II),25.0||4.0||1.7792,Cui2016_Canna::CI400,0.8051,0.6445600986480713,1
2,Dataset I,Cd (II),25.0||4.0||1.7792,Cui2016_Canna::CI500,1.4723,0.6068047285079956,1
2,Dataset I,Cd (II),25.0||4.0||1.7792,Cui2016_Canna::CI600,1.2961,0.7213578820228577,1
2,Dataset I,Cd (II),25.0||5.0||1.7792,Cui2016_Canna::CI300,0.6645,0.6672817468643188,1
2,Dataset I,Cd (II),25.0||5.0||1.7792,Cui2016_Canna::CI400,0.8754,0.6481997966766357,1
2,Dataset I,Cd (II),25.0||5.0||1.7792,Cui2016_Canna::CI500,1.5185,0.6097900867462158,1
2,Dataset I,Cd (II),25.0||5.0||1.7792,Cui2016_Canna::CI600,1.3682,0.7312845587730408,1
2,Dataset I,Cd (II),25.0||6.0||1.7792,Cui2016_Canna::CI300,0.6405,0.6724755167961121,1
2,Dataset I,Cd (II),25.0||6.0||1.7792,Cui2016_Canna::CI400,0.8683,0.6520186066627502,1
2,Dataset I,Cd (II),25.0||6.0||1.7792,Cui2016_Canna::CI500,1.5105,0.6117643117904663,1
2,Dataset I,Cd (II),25.0||6.0||1.7792,Cui2016_Canna::CI600,1.3442,0.7321063876152039,1
2,Dataset I,Cd (II),25.0||7.0||1.7792,Cui2016_Canna::CI300,0.6307,0.6723892688751221,1
2,Dataset I,Cd (II),25.0||7.0||1.7792,Cui2016_Canna::CI400,0.8602,0.6516942977905273,1
2,Dataset I,Cd (II),25.0||7.0||1.7792,Cui2016_Canna::CI500,1.5568,0.6122037172317505,1
2,Dataset I,Cd (II),25.0||7.0||1.7792,Cui2016_Canna::CI600,1.3317,0.73251873254776,1
2,Dataset I,Cd (II),25.0||8.0||1.7792,Cui2016_Canna::CI300,0.7232,0.6727188229560852,1
2,Dataset I,Cd (II),25.0||8.0||1.7792,Cui2016_Canna::CI400,0.967,0.6520238518714905,1
2,Dataset I,Cd (II),25.0||8.0||1.7792,Cui2016_Canna::CI500,1.5835,0.6125333309173584,1
2,Dataset I,Cd (II),25.0||8.0||1.7792,Cui2016_Canna::CI600,1.4243,0.732729971408844,1
3,Dataset I,Cd (II),25.0||5.5||0.0053,Zama2017::BWH350,0.0005,0.1220044121146202,1
3,Dataset I,Cd (II),25.0||5.5||0.0053,Zama2017::BWH450,0.0053,0.137916088104248,1
3,Dataset I,Cd (II),25.0||5.5||0.0053,Zama2017::BWH550,0.0037,0.1455953419208526,1
3,Dataset I,Cd (II),25.0||5.5||0.0053,Zama2017::BWH650,0.0026,0.2547166645526886,1
3,Dataset I,Cd (II),25.0||5.5||0.0053,Zama2017::CC350,0.0032,0.1471034586429596,1
3,Dataset I,Cd (II),25.0||5.5||0.0053,Zama2017::CC450,0.0046,0.1491495668888092,1
3,Dataset I,Cd (II),25.0||5.5||0.0053,Zama2017::CC550,0.004,0.1470464766025543,1
3,Dataset I,Cd (II),25.0||5.5||0.0053,Zama2017::CC650,0.003,0.1460304260253906,1
3,Dataset I,Cd (II),25.0||5.5||0.0053,Zama2017::MW350,0.0026,0.1757224202156067,1
3,Dataset I,Cd (II),25.0||5.5||0.0053,Zama2017::MW450,0.005,0.1535664200782776,1
3,Dataset I,Cd (II),25.0||5.5||0.0053,Zama2017::MW550,0.0045,0.1364223361015319,1
3,Dataset I,Cd (II),25.0||5.5||0.0053,Zama2017::MW650,0.0041,0.1538074612617492,1
3,Dataset I,Cd (II),25.0||5.5||0.0053,Zama2017::PS350,0.0053,0.1572964787483215,1
3,Dataset I,Cd (II),25.0||5.5||0.0053,Zama2017::PS450,0.0052,0.1480173170566558,1
3,Dataset I,Cd (II),25.0||5.5||0.0053,Zama2017::PS550,0.0052,0.1547813713550567,1
3,Dataset I,Cd (II),25.0||5.5||0.0053,Zama2017::PS650,0.0052,0.1553496718406677,1
3,Dataset I,Cd (II),25.0||5.5||0.0071,Zama2017::BWH350,0.0006,0.1220044121146202,1
3,Dataset I,Cd (II),25.0||5.5||0.0071,Zama2017::BWH450,0.0071,0.137916088104248,1
3,Dataset I,Cd (II),25.0||5.5||0.0071,Zama2017::BWH550,0.0025,0.1455953419208526,1
3,Dataset I,Cd (II),25.0||5.5||0.0071,Zama2017::BWH650,0.003,0.2547166645526886,1
3,Dataset I,Cd (II),25.0||5.5||0.0071,Zama2017::CC350,0.0022,0.1471034586429596,1
3,Dataset I,Cd (II),25.0||5.5||0.0071,Zama2017::CC450,0.0046,0.1491495668888092,1
3,Dataset I,Cd (II),25.0||5.5||0.0071,Zama2017::CC550,0.0031,0.1470464766025543,1
3,Dataset I,Cd (II),25.0||5.5||0.0071,Zama2017::CC650,0.0032,0.1460304260253906,1
3,Dataset I,Cd (II),25.0||5.5||0.0071,Zama2017::MW350,0.0027,0.1757224202156067,1
3,Dataset I,Cd (II),25.0||5.5||0.0071,Zama2017::MW450,0.0063,0.1535664200782776,1
3,Dataset I,Cd (II),25.0||5.5||0.0071,Zama2017::MW550,0.0058,0.1364223361015319,1
3,Dataset I,Cd (II),25.0||5.5||0.0071,Zama2017::MW650,0.0067,0.1538074612617492,1
3,Dataset I,Cd (II),25.0||5.5||0.0071,Zama2017::PS350,0.007,0.1572964787483215,1
3,Dataset I,Cd (II),25.0||5.5||0.0071,Zama2017::PS450,0.007,0.1480173170566558,1
3,Dataset I,Cd (II),25.0||5.5||0.0071,Zama2017::PS550,0.0068,0.1547813713550567,1
3,Dataset I,Cd (II),25.0||5.5||0.0071,Zama2017::PS650,0.0065,0.1553496718406677,1
3,Dataset I,Cd (II),25.0||5.5||0.0089,Zama2017::BWH350,0.0005,0.1220044121146202,1
3,Dataset I,Cd (II),25.0||5.5||0.0089,Zama2017::BWH450,0.0089,0.137916088104248,1
3,Dataset I,Cd (II),25.0||5.5||0.0089,Zama2017::BWH550,0.004,0.1455953419208526,1
3,Dataset I,Cd (II),25.0||5.5||0.0089,Zama2017::BWH650,0.0045,0.2547166645526886,1
3,Dataset I,Cd (II),25.0||5.5||0.0089,Zama2017::CC350,0.0035,0.1471034586429596,1
3,Dataset I,Cd (II),25.0||5.5||0.0089,Zama2017::CC450,0.0053,0.1491495668888092,1
3,Dataset I,Cd (II),25.0||5.5||0.0089,Zama2017::CC550,0.0063,0.1470464766025543,1
3,Dataset I,Cd (II),25.0||5.5||0.0089,Zama2017::CC650,0.0043,0.1460304260253906,1
3,Dataset I,Cd (II),25.0||5.5||0.0089,Zama2017::MW350,0.0049,0.1757224202156067,1
3,Dataset I,Cd (II),25.0||5.5||0.0089,Zama2017::MW450,0.0058,0.1535664200782776,1
3,Dataset I,Cd (II),25.0||5.5||0.0089,Zama2017::MW550,0.0061,0.1364223361015319,1
3,Dataset I,Cd (II),25.0||5.5||0.0089,Zama2017::MW650,0.0076,0.1538074612617492,1
3,Dataset I,Cd (II),25.0||5.5||0.0089,Zama2017::PS350,0.0088,0.1572964787483215,1
3,Dataset I,Cd (II),25.0||5.5||0.0089,Zama2017::PS450,0.0087,0.1480173170566558,1
3,Dataset I,Cd (II),25.0||5.5||0.0089,Zama2017::PS550,0.0085,0.1547813713550567,1
3,Dataset I,Cd (II),25.0||5.5||0.0089,Zama2017::PS650,0.0072,0.1553496718406677,1
4,Dataset I,Cd (II),25.0||7.0||0.0026688,Alves2021::ASB 500 - 1,0.002668802,0.1177288591861724,1
4,Dataset I,Cd (II),25.0||7.0||0.0026688,Alves2021::ASB 500 - 2,0.002072769,0.0603455081582069,1
4,Dataset I,Cd (II),25.0||7.0||0.0026688,Alves2021::CSB 600,0.002668802,0.0547717325389385,1
4,Dataset I,Cd (II),25.0||7.0||0.0026688,Alves2021::CSB 600 - m 1,0.002668802,0.0400216020643711,1
4,Dataset I,Cd (II),25.0||7.0||0.0026688,Alves2021::CSB 600 - m 2,0.002668802,0.0505672208964824,1
4,Dataset I,Cd (II),25.0||7.0||0.0026688,Alves2021::CSB 600 - m 3,0.002668802,0.0697159320116043,1
4,Dataset I,Cd (II),25.0||7.0||0.0026688,Alves2021::SSB 450,0.002668802,0.0739547163248062,1
4,Dataset I,Cd (II),25.0||7.0||0.0026688,Alves2021::SSB 700,0.001601281,0.1135994493961334,1
4,Dataset I,Cd (II),25.0||7.0||0.0026688,Alves2021::SWB 500,0.000951873,0.0179075635969638,1
4,Dataset I,Cd (II),25.0||7.0||0.0026688,Alves2021::SWB 650,0.001592385,0.0536181516945362,1
4,Dataset I,Cd (II),25.0||7.0||0.0026688,Alves2021::SWB 650 - m1,0.002668802,0.0367689542472362,1
4,Dataset I,Cd (II),25.0||7.0||0.0026688,Alves2021::SWB 800- i,0.002668802,0.1350266933441162,1
4,Dataset I,Cd (II),25.0||7.0||0.0026688,Alves2021::WSB 500,0.002597634,0.1081949770450592,1
4,Dataset I,Cd (II),25.0||7.0||0.0026688,Alves2021::WSB 700 - 6 0,0.00071168,0.0756941437721252,1
4,Dataset I,Cd (II),25.0||7.0||0.0026688,Alves2021::WSB 700 - 9 0,0.002659906,0.0859330072999,1
4,Dataset I,Cd (II),25.0||7.0||0.0026688,Alves2021::WSB 900,0.002668802,0.135812371969223,1
4,Dataset I,Cd (II),25.0||7.0||0.00556,Alves2021::ASB 500 - 1,0.005337603,0.1177288591861724,1
4,Dataset I,Cd (II),25.0||7.0||0.00556,Alves2021::ASB 500 - 2,0.004083267,0.0603455081582069,1
4,Dataset I,Cd (II),25.0||7.0||0.00556,Alves2021::CSB 600,0.005319811,0.0547717325389385,1
4,Dataset I,Cd (II),25.0||7.0||0.00556,Alves2021::CSB 600 - m 1,0.005328707,0.0400216020643711,1
4,Dataset I,Cd (II),25.0||7.0||0.00556,Alves2021::CSB 600 - m 2,0.005337603,0.0505672208964824,1
4,Dataset I,Cd (II),25.0||7.0||0.00556,Alves2021::CSB 600 - m 3,0.005337603,0.0697159320116043,1
4,Dataset I,Cd (II),25.0||7.0||0.00556,Alves2021::SSB 450,0.005337603,0.0739547163248062,1
4,Dataset I,Cd (II),25.0||7.0||0.00556,Alves2021::SSB 700,0.005337603,0.1135994493961334,1
4,Dataset I,Cd (II),25.0||7.0||0.00556,Alves2021::SWB 500,0.001957121,0.0179075635969638,1
4,Dataset I,Cd (II),25.0||7.0||0.00556,Alves2021::SWB 650,0.003255938,0.0536181516945362,1
4,Dataset I,Cd (II),25.0||7.0||0.00556,Alves2021::SWB 650 - m1,0.005257539,0.0367689542472362,1
4,Dataset I,Cd (II),25.0||7.0||0.00556,Alves2021::SWB 800- i,0.005337603,0.1350266933441162,1
4,Dataset I,Cd (II),25.0||7.0||0.00556,Alves2021::WSB 500,0.003958723,0.1081949770450592,1
4,Dataset I,Cd (II),25.0||7.0||0.00556,Alves2021::WSB 700 - 6 0,0.001245441,0.0756941437721252,1
4,Dataset I,Cd (II),25.0||7.0||0.00556,Alves2021::WSB 700 - 9 0,0.003549506,0.0859330072999,1
4,Dataset I,Cd (II),25.0||7.0||0.00556,Alves2021::WSB 900,0.005337603,0.135812371969223,1
4,Dataset I,Cd (II),25.0||7.0||0.01112001,Alves2021::ASB 500 - 1,0.010764167,0.1177288591861724,1
4,Dataset I,Cd (II),25.0||7.0||0.01112001,Alves2021::ASB 500 - 2,0.007401477,0.0603455081582069,1
4,Dataset I,Cd (II),25.0||7.0||0.01112001,Alves2021::CSB 600,0.010639623,0.0547717325389385,1
4,Dataset I,Cd (II),25.0||7.0||0.01112001,Alves2021::CSB 600 - m 1,0.009642381,0.0400216020643711,1
4,Dataset I,Cd (II),25.0||7.0||0.01112001,Alves2021::CSB 600 - m 2,0.011120007,0.0505672208964824,1
4,Dataset I,Cd (II),25.0||7.0||0.01112001,Alves2021::CSB 600 - m 3,0.011031047,0.0697159320116043,1
4,Dataset I,Cd (II),25.0||7.0||0.01112001,Alves2021::SSB 450,0.009750022,0.0739547163248062,1
4,Dataset I,Cd (II),25.0||7.0||0.01112001,Alves2021::SSB 700,0.011120007,0.1135994493961334,1
4,Dataset I,Cd (II),25.0||7.0||0.01112001,Alves2021::SWB 500,0.005390979,0.0179075635969638,1
4,Dataset I,Cd (II),25.0||7.0||0.01112001,Alves2021::SWB 650,0.004261187,0.0536181516945362,1
4,Dataset I,Cd (II),25.0||7.0||0.01112001,Alves2021::SWB 650 - m1,0.009278534,0.0367689542472362,1
4,Dataset I,Cd (II),25.0||7.0||0.01112001,Alves2021::SWB 800- i,0.011120007,0.1350266933441162,1
4,Dataset I,Cd (II),25.0||7.0||0.01112001,Alves2021::WSB 500,0.006565252,0.1081949770450592,1
4,Dataset I,Cd (II),25.0||7.0||0.01112001,Alves2021::WSB 700 - 6 0,0.002437506,0.0756941437721252,1
4,Dataset I,Cd (II),25.0||7.0||0.01112001,Alves2021::WSB 700 - 9 0,0.006271684,0.0859330072999,1
4,Dataset I,Cd (II),25.0||7.0||0.01112001,Alves2021::WSB 900,0.010675207,0.135812371969223,1
4,Dataset I,Cd (II),25.0||7.0||0.02224001,Alves2021::ASB 500 - 1,0.021617294,0.1177288591861724,1
4,Dataset I,Cd (II),25.0||7.0||0.02224001,Alves2021::ASB 500 - 2,0.015025354,0.0603455081582069,1
4,Dataset I,Cd (II),25.0||7.0||0.02224001,Alves2021::CSB 600,0.02122587,0.0547717325389385,1
4,Dataset I,Cd (II),25.0||7.0||0.02224001,Alves2021::CSB 600 - m 1,0.013494351,0.0400216020643711,1
4,Dataset I,Cd (II),25.0||7.0||0.02224001,Alves2021::CSB 600 - m 2,0.022240014,0.0505672208964824,1
4,Dataset I,Cd (II),25.0||7.0||0.02224001,Alves2021::CSB 600 - m 3,0.021973134,0.0697159320116043,1
4,Dataset I,Cd (II),25.0||7.0||0.02224001,Alves2021::SSB 450,0.017267147,0.0739547163248062,1
4,Dataset I,Cd (II),25.0||7.0||0.02224001,Alves2021::SSB 700,0.022240014,0.1135994493961334,1
4,Dataset I,Cd (II),25.0||7.0||0.02224001,Alves2021::SWB 500,0.007641669,0.0179075635969638,1
4,Dataset I,Cd (II),25.0||7.0||0.02224001,Alves2021::SWB 650,0.005221955,0.0536181516945362,1
4,Dataset I,Cd (II),25.0||7.0||0.02224001,Alves2021::SWB 650 - m1,0.013014856,0.0367689542472362,1
4,Dataset I,Cd (II),25.0||7.0||0.02224001,Alves2021::SWB 800- i,0.022240014,0.1350266933441162,1
4,Dataset I,Cd (II),25.0||7.0||0.02224001,Alves2021::WSB 500,0.013014856,0.1081949770450592,1
4,Dataset I,Cd (II),25.0||7.0||0.02224001,Alves2021::WSB 700 - 6 0,0.00291789,0.0756941437721252,1
4,Dataset I,Cd (II),25.0||7.0||0.02224001,Alves2021::WSB 700 - 9 0,0.007401477,0.0859330072999,1
4,Dataset I,Cd (II),25.0||7.0||0.02224001,Alves2021::WSB 900,0.021083533,0.135812371969223,1
4,Dataset I,Cd (II),25.0||7.0||0.04448003,Alves2021::ASB 500 - 1,0.043145628,0.1177288591861724,1
4,Dataset I,Cd (II),25.0||7.0||0.04448003,Alves2021::ASB 500 - 2,0.026029713,0.0603455081582069,1
4,Dataset I,Cd (II),25.0||7.0||0.04448003,Alves2021::CSB 600,0.040138778,0.0547717325389385,1
4,Dataset I,Cd (II),25.0||7.0||0.04448003,Alves2021::CSB 600 - m 1,0.017596299,0.0400216020643711,1
4,Dataset I,Cd (II),25.0||7.0||0.04448003,Alves2021::CSB 600 - m 2,0.043590428,0.0505672208964824,1
4,Dataset I,Cd (II),25.0||7.0||0.04448003,Alves2021::CSB 600 - m 3,0.040565786,0.0697159320116043,1
4,Dataset I,Cd (II),25.0||7.0||0.04448003,Alves2021::SSB 450,0.034703318,0.0739547163248062,1
4,Dataset I,Cd (II),25.0||7.0||0.04448003,Alves2021::SSB 700,0.044480028,0.1135994493961334,1
4,Dataset I,Cd (II),25.0||7.0||0.04448003,Alves2021::SWB 500,0.015639178,0.0179075635969638,1
4,Dataset I,Cd (II),25.0||7.0||0.04448003,Alves2021::SWB 650,0.005604484,0.0536181516945362,1
4,Dataset I,Cd (II),25.0||7.0||0.04448003,Alves2021::SWB 650 - m1,0.017943243,0.0367689542472362,1
4,Dataset I,Cd (II),25.0||7.0||0.04448003,Alves2021::SWB 800- i,0.044480028,0.1350266933441162,1
4,Dataset I,Cd (II),25.0||7.0||0.04448003,Alves2021::WSB 500,0.015052042,0.1081949770450592,1
4,Dataset I,Cd (II),25.0||7.0||0.04448003,Alves2021::WSB 700 - 6 0,0.008673606,0.0756941437721252,1
4,Dataset I,Cd (II),25.0||7.0||0.04448003,Alves2021::WSB 700 - 9 0,0.012570056,0.0859330072999,1
4,Dataset I,Cd (II),25.0||7.0||0.04448003,Alves2021::WSB 900,0.041811227,0.135812371969223,1
5,Dataset I,Cd (II),25.0||7.0||0.4448,Cui2016_Wetland::PA500,0.25,0.3210735619068146,1
5,Dataset I,Cd (II),25.0||7.0||0.4448,Cui2016_Wetland::TD500,0.39,0.2256730198860168,1
5,Dataset I,Cd (II),25.0||7.0||0.4448,Cui2016_Wetland::VZ500,0.1153,0.2311460077762603,1
6,Dataset I,Cd (II),25.0||7.0||0.7117,Cui2016_Wetland::PA500,0.2935,0.4560849368572235,1
6,Dataset I,Cd (II),25.0||7.0||0.7117,Cui2016_Wetland::TD500,0.4323,0.3281526267528534,1
6,Dataset I,Cd (II),25.0||7.0||0.7117,Cui2016_Wetland::VZ500,0.1576,0.3919560313224792,1
6,Dataset I,Cd (II),25.0||7.0||0.7117,Cui2016_Wetland::ZC500,0.187,0.3608281910419464,1
6,Dataset I,Cd (II),25.0||7.0||0.8896,Cui2016_Wetland::PA500,0.3494,0.4235286116600036,1
6,Dataset I,Cd (II),25.0||7.0||0.8896,Cui2016_Wetland::TD500,0.4664,0.2917938232421875,1
6,Dataset I,Cd (II),25.0||7.0||0.8896,Cui2016_Wetland::VZ500,0.1782,0.3527321815490722,1
6,Dataset I,Cd (II),25.0||7.0||0.8896,Cui2016_Wetland::ZC500,0.2347,0.3253276944160461,1
7,Dataset I,Cd (II),28.0||2.0||0.8897,Gao2019::RS300,0.1279,-0.0131495930536016,1
7,Dataset I,Cd (II),28.0||2.0||0.8897,Gao2019::RS500,0.1396,0.1092884586473646,1
7,Dataset I,Cd (II),28.0||2.0||0.8897,Gao2019::RS700,0.1099,0.1181923259797805,1
7,Dataset I,Cd (II),28.0||3.0||0.8897,Gao2019::RS300,0.4497,-0.0131495930536016,1
7,Dataset I,Cd (II),28.0||3.0||0.8897,Gao2019::RS500,0.5375,0.1092884586473646,1
7,Dataset I,Cd (II),28.0||3.0||0.8897,Gao2019::RS700,0.5943,0.1181923259797805,1
7,Dataset I,Cd (II),28.0||4.0||0.8897,Gao2019::RS300,0.5235,-0.0131495930536016,1
7,Dataset I,Cd (II),28.0||4.0||0.8897,Gao2019::RS500,0.6435,0.1092884586473646,1
7,Dataset I,Cd (II),28.0||4.0||0.8897,Gao2019::RS700,0.7468,0.1181923259797805,1
7,Dataset I,Cd (II),28.0||5.0||0.8897,Gao2019::RS300,0.5159,0.0677133711620842,1
7,Dataset I,Cd (II),28.0||5.0||0.8897,Gao2019::RS500,0.6709,0.2258342017881729,1
7,Dataset I,Cd (II),28.0||5.0||0.8897,Gao2019::RS700,0.76,0.2371035223941312,1
7,Dataset I,Cd (II),28.0||6.0||0.089,Gao2019::RS300,0.07,0.0411197717527223,1
7,Dataset I,Cd (II),28.0||6.0||0.089,Gao2019::RS500,0.0683,0.0211955653695311,1
7,Dataset I,Cd (II),28.0||6.0||0.089,Gao2019::RS700,0.0823,0.0444144577602527,1
7,Dataset I,Cd (II),28.0||6.0||0.1779,Gao2019::RS300,0.1155,0.0804655445275861,1
7,Dataset I,Cd (II),28.0||6.0||0.1779,Gao2019::RS500,0.1278,0.1229957994504298,1
7,Dataset I,Cd (II),28.0||6.0||0.1779,Gao2019::RS700,0.1453,0.1345710335699392,1
7,Dataset I,Cd (II),28.0||6.0||0.2669,Gao2019::RS300,0.1593,0.1006195449882421,1
7,Dataset I,Cd (II),28.0||6.0||0.2669,Gao2019::RS500,0.2135,0.147067688974458,1
7,Dataset I,Cd (II),28.0||6.0||0.2669,Gao2019::RS700,0.2485,0.1627090087591927,1
7,Dataset I,Cd (II),28.0||6.0||0.4448,Gao2019::RS300,0.2818,0.063140106061343,1
7,Dataset I,Cd (II),28.0||6.0||0.4448,Gao2019::RS500,0.4113,0.1141848667957571,1
7,Dataset I,Cd (II),28.0||6.0||0.4448,Gao2019::RS700,0.4288,0.1425290467059752,1
7,Dataset I,Cd (II),28.0||6.0||0.7117,Gao2019::RS300,0.4585,0.0827045974321639,1
7,Dataset I,Cd (II),28.0||6.0||0.7117,Gao2019::RS500,0.6038,0.1519668334030258,1
7,Dataset I,Cd (II),28.0||6.0||0.7117,Gao2019::RS700,0.6668,0.1725960929172435,1
7,Dataset I,Cd (II),28.0||6.0||0.8897,Gao2019::RS300,0.529,0.0686689352606074,1
7,Dataset I,Cd (II),28.0||6.0||0.8897,Gao2019::RS500,0.6801,0.2269023389825444,1
7,Dataset I,Cd (II),28.0||6.0||0.8897,Gao2019::RS700,0.7576,0.239854333825924,1
7,Dataset I,Cd (II),28.0||6.0||1.0676,Gao2019::RS300,0.6581,0.0857910173843906,1
7,Dataset I,Cd (II),28.0||6.0||1.0676,Gao2019::RS500,0.8033,0.2392988276818971,1
7,Dataset I,Cd (II),28.0||6.0||1.0676,Gao2019::RS700,0.9416,0.2408903623904837,1
7,Dataset I,Cd (II),28.0||6.0||1.3345,Gao2019::RS300,0.7526,0.0787657148255077,1
7,Dataset I,Cd (II),28.0||6.0||1.3345,Gao2019::RS500,0.8926,0.2172680034542048,1
7,Dataset I,Cd (II),28.0||6.0||1.3345,Gao2019::RS700,1.0869,0.2103446735169802,1
7,Dataset I,Cd (II),28.0||6.0||1.6014,Gao2019::RS300,0.7718,0.0601311176774073,1
7,Dataset I,Cd (II),28.0||6.0||1.6014,Gao2019::RS500,0.9311,0.1908417494992905,1
7,Dataset I,Cd (II),28.0||6.0||1.6014,Gao2019::RS700,1.1184,0.1896038457481709,1
7,Dataset I,Cd (II),28.0||6.0||1.7794,Gao2019::RS300,0.7788,0.7028767778787207,1
7,Dataset I,Cd (II),28.0||6.0||1.7794,Gao2019::RS500,0.9364,0.7720227216026406,1
7,Dataset I,Cd (II),28.0||6.0||1.7794,Gao2019::RS700,1.1341,0.965207061915347,1
7,Dataset I,Cd (II),28.0||7.0||0.8897,Gao2019::RS300,0.5383,0.0724672751906125,1
7,Dataset I,Cd (II),28.0||7.0||0.8897,Gao2019::RS500,0.6713,0.231588866674082,1
7,Dataset I,Cd (II),28.0||7.0||0.8897,Gao2019::RS700,0.7771,0.2439262375529667,1
7,Dataset I,Cd (II),28.0||8.0||0.8897,Gao2019::RS300,0.5591,0.0724672751906125,1
7,Dataset I,Cd (II),28.0||8.0||0.8897,Gao2019::RS500,0.6805,0.231588866674082,1
7,Dataset I,Cd (II),28.0||8.0||0.8897,Gao2019::RS700,0.7773,0.2439262375529667,1
8,Dataset I,Pb (II),25.0||5.0||0.4826,Li2018::RH600,0.1773,0.1655510816000004,1
8,Dataset I,Pb (II),25.0||5.0||0.4826,Li2018::WS600,0.3785,0.1450705306100002,1
8,Dataset I,Pb (II),25.0||5.0||0.4826,Trakal2014::GH600,0.4628,0.1445125806200001,1
8,Dataset I,Pb (II),25.0||5.0||0.4826,Trakal2014::WS600,0.4826,0.2004410675433337,1
9,Dataset I,Pb (II),25.0||5.5||0.0029,Zama2017::BWH350,0.0029,0.0203819274902343,1
9,Dataset I,Pb (II),25.0||5.5||0.0029,Zama2017::BWH450,0.0029,0.0170600600540637,1
9,Dataset I,Pb (II),25.0||5.5||0.0029,Zama2017::BWH550,0.0029,0.0162160545587539,1
9,Dataset I,Pb (II),25.0||5.5||0.0029,Zama2017::BWH650,0.0029,0.0333962514996528,1
9,Dataset I,Pb (II),25.0||5.5||0.0029,Zama2017::CC350,0.0029,0.0995035171508789,1
9,Dataset I,Pb (II),25.0||5.5||0.0029,Zama2017::CC450,0.0029,0.0769368782639503,1
9,Dataset I,Pb (II),25.0||5.5||0.0029,Zama2017::CC550,0.0028,0.1317489147186279,1
9,Dataset I,Pb (II),25.0||5.5||0.0029,Zama2017::CC650,0.0029,0.1552486568689346,1
9,Dataset I,Pb (II),25.0||5.5||0.0029,Zama2017::MW350,0.0029,0.0971181616187095,1
9,Dataset I,Pb (II),25.0||5.5||0.0029,Zama2017::MW450,0.0029,0.1210763826966285,1
9,Dataset I,Pb (II),25.0||5.5||0.0029,Zama2017::MW550,0.0029,0.1222624331712722,1
9,Dataset I,Pb (II),25.0||5.5||0.0029,Zama2017::MW650,0.0029,0.1582855284214019,1
9,Dataset I,Pb (II),25.0||5.5||0.0029,Zama2017::PS350,0.0029,0.1210521832108497,1
9,Dataset I,Pb (II),25.0||5.5||0.0029,Zama2017::PS450,0.0029,0.1218635663390159,1
9,Dataset I,Pb (II),25.0||5.5||0.0029,Zama2017::PS550,0.0029,0.1214309632778167,1
9,Dataset I,Pb (II),25.0||5.5||0.0029,Zama2017::PS650,0.0029,0.1461250931024551,1
9,Dataset I,Pb (II),25.0||5.5||0.0039,Zama2017::BWH350,0.0038,0.0203819274902343,1
9,Dataset I,Pb (II),25.0||5.5||0.0039,Zama2017::BWH450,0.0038,0.0170600600540637,1
9,Dataset I,Pb (II),25.0||5.5||0.0039,Zama2017::BWH550,0.0039,0.0162160545587539,1
9,Dataset I,Pb (II),25.0||5.5||0.0039,Zama2017::BWH650,0.0039,0.0333962514996528,1
9,Dataset I,Pb (II),25.0||5.5||0.0039,Zama2017::CC350,0.0038,0.0995035171508789,1
9,Dataset I,Pb (II),25.0||5.5||0.0039,Zama2017::CC450,0.0038,0.0769368782639503,1
9,Dataset I,Pb (II),25.0||5.5||0.0039,Zama2017::CC550,0.0038,0.1317489147186279,1
9,Dataset I,Pb (II),25.0||5.5||0.0039,Zama2017::CC650,0.0038,0.1552486568689346,1
9,Dataset I,Pb (II),25.0||5.5||0.0039,Zama2017::MW350,0.0038,0.0971181616187095,1
9,Dataset I,Pb (II),25.0||5.5||0.0039,Zama2017::MW450,0.0038,0.1210763826966285,1
9,Dataset I,Pb (II),25.0||5.5||0.0039,Zama2017::MW550,0.0039,0.1222624331712722,1
9,Dataset I,Pb (II),25.0||5.5||0.0039,Zama2017::MW650,0.0039,0.1582855284214019,1
9,Dataset I,Pb (II),25.0||5.5||0.0039,Zama2017::PS350,0.0038,0.1210521832108497,1
9,Dataset I,Pb (II),25.0||5.5||0.0039,Zama2017::PS450,0.0038,0.1218635663390159,1
9,Dataset I,Pb (II),25.0||5.5||0.0039,Zama2017::PS550,0.0038,0.1214309632778167,1
9,Dataset I,Pb (II),25.0||5.5||0.0039,Zama2017::PS650,0.0039,0.1461250931024551,1
9,Dataset I,Pb (II),25.0||5.5||0.0048,Zama2017::BWH350,0.0048,0.0203819274902343,1
9,Dataset I,Pb (II),25.0||5.5||0.0048,Zama2017::BWH450,0.0048,0.0170600600540637,1
9,Dataset I,Pb (II),25.0||5.5||0.0048,Zama2017::BWH550,0.0048,0.0162160545587539,1
9,Dataset I,Pb (II),25.0||5.5||0.0048,Zama2017::BWH650,0.0048,0.0333962514996528,1
9,Dataset I,Pb (II),25.0||5.5||0.0048,Zama2017::CC350,0.0048,0.0995035171508789,1
9,Dataset I,Pb (II),25.0||5.5||0.0048,Zama2017::CC450,0.0048,0.0769368782639503,1
9,Dataset I,Pb (II),25.0||5.5||0.0048,Zama2017::CC550,0.0046,0.1317489147186279,1
9,Dataset I,Pb (II),25.0||5.5||0.0048,Zama2017::CC650,0.0047,0.1552486568689346,1
9,Dataset I,Pb (II),25.0||5.5||0.0048,Zama2017::MW350,0.0048,0.0971181616187095,1
9,Dataset I,Pb (II),25.0||5.5||0.0048,Zama2017::MW450,0.0048,0.1210763826966285,1
9,Dataset I,Pb (II),25.0||5.5||0.0048,Zama2017::MW550,0.0048,0.1222624331712722,1
9,Dataset I,Pb (II),25.0||5.5||0.0048,Zama2017::MW650,0.0048,0.1582855284214019,1
9,Dataset I,Pb (II),25.0||5.5||0.0048,Zama2017::PS350,0.0048,0.1210521832108497,1
9,Dataset I,Pb (II),25.0||5.5||0.0048,Zama2017::PS450,0.0048,0.1218635663390159,1
9,Dataset I,Pb (II),25.0||5.5||0.0048,Zama2017::PS550,0.0048,0.1214309632778167,1
9,Dataset I,Pb (II),25.0||5.5||0.0048,Zama2017::PS650,0.0048,0.1461250931024551,1
10,Dataset I,Cu (II),25.0||2.0||0.31473264,Wang2021_invasive::BBC500,0.02678285,0.2481097320237523,1
10,Dataset I,Cu (II),25.0||2.0||0.31473264,Wang2021_invasive::IBC500,0.017857171,0.2418590476137521,1
10,Dataset I,Cu (II),25.0||2.0||0.31473264,Wang2021_invasive::LBC500,0.031999912,0.2453786157400022,1
10,Dataset I,Cu (II),25.0||2.0||0.31473264,Wang2021_invasive::MBC500,0.007440488,0.2418590476137521,1
10,Dataset I,Cu (II),25.0||2.0||0.31473264,Wang2021_invasive::PBC500,0.017113121,0.238252270256252,1
10,Dataset I,Cu (II),25.0||3.0||0.31473264,Wang2021_invasive::BBC500,0.243548107,0.2481097320237523,1
10,Dataset I,Cu (II),25.0||3.0||0.31473264,Wang2021_invasive::IBC500,0.192958581,0.2418590476137521,1
10,Dataset I,Cu (II),25.0||3.0||0.31473264,Wang2021_invasive::LBC500,0.134175832,0.2453786157400022,1
10,Dataset I,Cu (II),25.0||3.0||0.31473264,Wang2021_invasive::MBC500,0.223461681,0.2418590476137521,1
10,Dataset I,Cu (II),25.0||3.0||0.31473264,Wang2021_invasive::PBC500,0.157985387,0.238252270256252,1
10,Dataset I,Cu (II),25.0||4.0||0.31473264,Wang2021_invasive::BBC500,0.311503572,0.2486146070237525,1
10,Dataset I,Cu (II),25.0||4.0||0.31473264,Wang2021_invasive::IBC500,0.272074812,0.2425044226137523,1
10,Dataset I,Cu (II),25.0||4.0||0.31473264,Wang2021_invasive::LBC500,0.189479577,0.2459009907400023,1
10,Dataset I,Cu (II),25.0||4.0||0.31473264,Wang2021_invasive::MBC500,0.298860573,0.2425044226137523,1
10,Dataset I,Cu (II),25.0||4.0||0.31473264,Wang2021_invasive::PBC500,0.190226538,0.2390371452562521,1
10,Dataset I,Cu (II),25.0||5.0||0.31473264,Wang2021_invasive::BBC500,0.31398568,0.2491367320237523,1
10,Dataset I,Cu (II),25.0||5.0||0.31473264,Wang2021_invasive::IBC500,0.302083813,0.2432117976137521,1
10,Dataset I,Cu (II),25.0||5.0||0.31473264,Wang2021_invasive::LBC500,0.254461776,0.2464343657400022,1
10,Dataset I,Cu (II),25.0||5.0||0.31473264,Wang2021_invasive::MBC500,0.311006578,0.2432117976137521,1
10,Dataset I,Cu (II),25.0||5.0||0.31473264,Wang2021_invasive::PBC500,0.225443867,0.2398067702562519,1
10,Dataset I,Cu (II),25.0||6.0||0.31473264,Wang2021_invasive::BBC500,0.314732635,0.2508999319337524,1
10,Dataset I,Cu (II),25.0||6.0||0.31473264,Wang2021_invasive::IBC500,0.309774242,0.2449749975237521,1
10,Dataset I,Cu (II),25.0||6.0||0.31473264,Wang2021_invasive::LBC500,0.274798146,0.2481975656500022,1
10,Dataset I,Cu (II),25.0||6.0||0.31473264,Wang2021_invasive::MBC500,0.314732635,0.2449749975237521,1
10,Dataset I,Cu (II),25.0||6.0||0.31473264,Wang2021_invasive::PBC500,0.288188116,0.241667345166252,1
10,Dataset I,Cu (II),25.0||7.0||0.31473264,Wang2021_invasive::BBC500,0.315220911,0.2602474540800029,1
10,Dataset I,Cu (II),25.0||7.0||0.31473264,Wang2021_invasive::IBC500,0.314732635,0.2543225196700026,1
10,Dataset I,Cu (II),25.0||7.0||0.31473264,Wang2021_invasive::LBC500,0.314732635,0.2577780654075027,1
10,Dataset I,Cu (II),25.0||7.0||0.31473264,Wang2021_invasive::MBC500,0.314732635,0.2543225196700026,1
10,Dataset I,Cu (II),25.0||7.0||0.31473264,Wang2021_invasive::PBC500,0.314732635,0.2514490652137524,1
11,Dataset II,Sr (II),120.0||5.028||5.0||150.0||0.025||0.3||25.0||0.0||0.0,Shin2022_Postmodification::RCWB-HP,5.3968766848027,3.688167572021485,3
11,Dataset II,Sr (II),120.0||5.028||5.0||150.0||0.025||0.3||25.0||0.0||0.0,Shin2022_Postmodification::RCWB-NHP,10.2296168925261,3.687788963317871,3
11,Dataset II,Sr (II),120.0||5.028||5.0||150.0||0.025||0.3||25.0||0.0||0.0,Shin2022_Postmodification::RCWB-P,5.003758094573537,3.6399643421173096,3
11,Dataset II,Sr (II),180.0||5.028||5.0||150.0||0.025||0.3||25.0||0.0||0.0,Shin2022_Postmodification::RCWB-HP,5.4617289644451965,3.688167572021485,3
11,Dataset II,Sr (II),180.0||5.028||5.0||150.0||0.025||0.3||25.0||0.0||0.0,Shin2022_Postmodification::RCWB-NHP,10.403550770044497,3.687788963317871,3
11,Dataset II,Sr (II),180.0||5.028||5.0||150.0||0.025||0.3||25.0||0.0||0.0,Shin2022_Postmodification::RCWB-P,5.091422867950733,3.6399643421173096,3
11,Dataset II,Sr (II),240.0||5.028||5.0||150.0||0.025||0.3||25.0||0.0||0.0,Shin2022_Postmodification::RCWB-HP,5.5412096240221205,4.3403496742248535,3
11,Dataset II,Sr (II),240.0||5.028||5.0||150.0||0.025||0.3||25.0||0.0||0.0,Shin2022_Postmodification::RCWB-NHP,10.776578214989634,4.33997106552124,3
11,Dataset II,Sr (II),240.0||5.028||5.0||150.0||0.025||0.3||25.0||0.0||0.0,Shin2022_Postmodification::RCWB-P,5.0009897337316,4.27704668045044,3
11,Dataset II,Sr (II),30.0||5.028||5.0||150.0||0.025||0.3||25.0||0.0||0.0,Shin2022_Postmodification::RCWB-HP,3.2985931581342967,4.3566436767578125,3
11,Dataset II,Sr (II),30.0||5.028||5.0||150.0||0.025||0.3||25.0||0.0||0.0,Shin2022_Postmodification::RCWB-NHP,7.419244435474657,4.356265068054199,3
11,Dataset II,Sr (II),30.0||5.028||5.0||150.0||0.025||0.3||25.0||0.0||0.0,Shin2022_Postmodification::RCWB-P,2.7933067619056438,4.28182315826416,3
11,Dataset II,Sr (II),360.0||5.028||5.0||150.0||0.025||0.3||25.0||0.0||0.0,Shin2022_Postmodification::RCWB-HP,5.5864378456371,4.3403496742248535,3
11,Dataset II,Sr (II),360.0||5.028||5.0||150.0||0.025||0.3||25.0||0.0||0.0,Shin2022_Postmodification::RCWB-NHP,10.787689326100733,4.33997106552124,3
11,Dataset II,Sr (II),360.0||5.028||5.0||150.0||0.025||0.3||25.0||0.0||0.0,Shin2022_Postmodification::RCWB-P,5.03717539261624,4.27704668045044,3
11,Dataset II,Sr (II),480.0||0.95616283||5.0||150.0||0.025||0.3||15.0||0.0||0.0,Shin2022_Postmodification::RCWB-HP,1.9314585826038,2.6529901027679443,3
11,Dataset II,Sr (II),480.0||0.95616283||5.0||150.0||0.025||0.3||15.0||0.0||0.0,Shin2022_Postmodification::RCWB-NHP,2.7827979927026902,2.652611017227173,3
11,Dataset II,Sr (II),480.0||0.95616283||5.0||150.0||0.025||0.3||15.0||0.0||0.0,Shin2022_Postmodification::RCWB-P,1.5414352606849937,2.7082512378692627,3
11,Dataset II,Sr (II),480.0||0.95616283||5.0||150.0||0.025||0.3||25.0||0.0||0.0,Shin2022_Postmodification::RCWB-HP,2.4828855831472203,3.138197898864746,3
11,Dataset II,Sr (II),480.0||0.95616283||5.0||150.0||0.025||0.3||25.0||0.0||0.0,Shin2022_Postmodification::RCWB-NHP,3.11869670549401,3.137819290161133,3
11,Dataset II,Sr (II),480.0||0.95616283||5.0||150.0||0.025||0.3||25.0||0.0||0.0,Shin2022_Postmodification::RCWB-P,2.12658151827248,3.197151660919189,3
11,Dataset II,Sr (II),480.0||0.95616283||5.0||150.0||0.025||0.3||35.0||0.0||0.0,Shin2022_Postmodification::RCWB-HP,2.5081928344927835,4.180273532867432,3
11,Dataset II,Sr (II),480.0||0.95616283||5.0||150.0||0.025||0.3||35.0||0.0||0.0,Shin2022_Postmodification::RCWB-NHP,2.99474460860484,4.17989444732666,3
11,Dataset II,Sr (II),480.0||0.95616283||5.0||150.0||0.025||0.3||35.0||0.0||0.0,Shin2022_Postmodification::RCWB-P,2.38863547362512,4.15668535232544,3
11,Dataset II,Sr (II),480.0||10.09020123||5.0||150.0||0.025||0.3||15.0||0.0||0.0,Shin2022_Postmodification::RCWB-HP,6.39496194729977,4.782261848449707,3
11,Dataset II,Sr (II),480.0||10.09020123||5.0||150.0||0.025||0.3||15.0||0.0||0.0,Shin2022_Postmodification::RCWB-NHP,12.296216344430732,4.782261848449707,3
11,Dataset II,Sr (II),480.0||10.09020123||5.0||150.0||0.025||0.3||15.0||0.0||0.0,Shin2022_Postmodification::RCWB-P,5.421452157971079,4.932441711425781,3
11,Dataset II,Sr (II),480.0||10.09020123||5.0||150.0||0.025||0.3||25.0||0.0||0.0,Shin2022_Postmodification::RCWB-HP,7.054081184104383,5.519818305969238,3
11,Dataset II,Sr (II),480.0||10.09020123||5.0||150.0||0.025||0.3||25.0||0.0||0.0,Shin2022_Postmodification::RCWB-NHP,13.3331069758851,5.519818305969238,3
11,Dataset II,Sr (II),480.0||10.09020123||5.0||150.0||0.025||0.3||25.0||0.0||0.0,Shin2022_Postmodification::RCWB-P,6.287779614252393,5.651738166809082,3
11,Dataset II,Sr (II),480.0||10.09020123||5.0||150.0||0.025||0.3||35.0||0.0||0.0,Shin2022_Postmodification::RCWB-HP,7.308755498832954,6.234902381896973,3
11,Dataset II,Sr (II),480.0||10.09020123||5.0||150.0||0.025||0.3||35.0||0.0||0.0,Shin2022_Postmodification::RCWB-NHP,13.6141870607916,6.234902381896973,3
11,Dataset II,Sr (II),480.0||10.09020123||5.0||150.0||0.025||0.3||35.0||0.0||0.0,Shin2022_Postmodification::RCWB-P,6.2680135761001,6.297688484191895,3
11,Dataset II,Sr (II),480.0||2.95259509||5.0||150.0||0.025||0.3||15.0||0.0||0.0,Shin2022_Postmodification::RCWB-HP,4.698879526086733,4.154973983764648,3
11,Dataset II,Sr (II),480.0||2.95259509||5.0||150.0||0.025||0.3||15.0||0.0||0.0,Shin2022_Postmodification::RCWB-NHP,8.336460293955048,4.154595375061035,3
11,Dataset II,Sr (II),480.0||2.95259509||5.0||150.0||0.025||0.3||15.0||0.0||0.0,Shin2022_Postmodification::RCWB-P,4.07721845302983,4.311595916748047,3
11,Dataset II,Sr (II),480.0||2.95259509||5.0||150.0||0.025||0.3||25.0||0.0||0.0,Shin2022_Postmodification::RCWB-HP,4.8501280629944965,4.7408833503723145,3
11,Dataset II,Sr (II),480.0||2.95259509||5.0||150.0||0.025||0.3||25.0||0.0||0.0,Shin2022_Postmodification::RCWB-NHP,8.901056792212536,4.740504741668701,3
11,Dataset II,Sr (II),480.0||2.95259509||5.0||150.0||0.025||0.3||25.0||0.0||0.0,Shin2022_Postmodification::RCWB-P,4.559345958276606,4.890285968780518,3
11,Dataset II,Sr (II),480.0||2.95259509||5.0||150.0||0.025||0.3||35.0||0.0||0.0,Shin2022_Postmodification::RCWB-HP,4.868357923264473,5.8442206382751465,3
11,Dataset II,Sr (II),480.0||2.95259509||5.0||150.0||0.025||0.3||35.0||0.0||0.0,Shin2022_Postmodification::RCWB-NHP,9.14258675721887,5.843842029571533,3
11,Dataset II,Sr (II),480.0||2.95259509||5.0||150.0||0.025||0.3||35.0||0.0||0.0,Shin2022_Postmodification::RCWB-P,4.403487443786173,5.923338413238525,3
11,Dataset II,Sr (II),480.0||5.00239577||5.0||150.0||0.025||0.3||25.0||0.0||0.0,Shin2022_Postmodification::RCWB-HP,5.688551945684753,5.155386924743652,3
11,Dataset II,Sr (II),480.0||5.00239577||5.0||150.0||0.025||0.3||25.0||0.0||0.0,Shin2022_Postmodification::RCWB-NHP,11.141855801887369,5.155008316040039,3
11,Dataset II,Sr (II),480.0||5.00239577||5.0||150.0||0.025||0.3||25.0||0.0||0.0,Shin2022_Postmodification::RCWB-P,5.21077416790698,5.231848239898682,3
11,Dataset II,Sr (II),480.0||5.00239577||5.0||150.0||0.025||0.3||25.0||0.0||5.0,Shin2022_Postmodification::RCWB-HP,6.91282994024668,5.155386924743652,3
11,Dataset II,Sr (II),480.0||5.00239577||5.0||150.0||0.025||0.3||25.0||0.0||5.0,Shin2022_Postmodification::RCWB-NHP,13.0346703299497,5.155008316040039,3
11,Dataset II,Sr (II),480.0||5.00239577||5.0||150.0||0.025||0.3||25.0||0.0||5.0,Shin2022_Postmodification::RCWB-P,6.18673640245888,5.231848239898682,3
11,Dataset II,Sr (II),480.0||5.028||5.0||150.0||0.025||0.3||25.0||0.0||0.0,Shin2022_Postmodification::RCWB-HP,5.591993401192656,5.015946388244629,3
11,Dataset II,Sr (II),480.0||5.028||5.0||150.0||0.025||0.3||25.0||0.0||0.0,Shin2022_Postmodification::RCWB-NHP,10.869911548322966,5.015567779541016,3
11,Dataset II,Sr (II),480.0||5.028||5.0||150.0||0.025||0.3||25.0||0.0||0.0,Shin2022_Postmodification::RCWB-P,5.03828650372735,5.089780807495117,3
11,Dataset II,Sr (II),480.0||5.08713548||5.0||150.0||0.025||0.3||15.0||0.0||0.0,Shin2022_Postmodification::RCWB-HP,5.113844568770383,4.32796573638916,3
11,Dataset II,Sr (II),480.0||5.08713548||5.0||150.0||0.025||0.3||15.0||0.0||0.0,Shin2022_Postmodification::RCWB-NHP,10.333651404971835,4.327587127685547,3
11,Dataset II,Sr (II),480.0||5.08713548||5.0||150.0||0.025||0.3||15.0||0.0||0.0,Shin2022_Postmodification::RCWB-P,4.866239532925014,4.484684944152832,3
11,Dataset II,Sr (II),480.0||5.08713548||5.0||150.0||0.025||0.3||25.0||0.0||0.0,Shin2022_Postmodification::RCWB-HP,5.483527149831114,5.130178451538086,3
11,Dataset II,Sr (II),480.0||5.08713548||5.0||150.0||0.025||0.3||25.0||0.0||0.0,Shin2022_Postmodification::RCWB-NHP,10.858425547250269,5.129799842834473,3
11,Dataset II,Sr (II),480.0||5.08713548||5.0||150.0||0.025||0.3||25.0||0.0||0.0,Shin2022_Postmodification::RCWB-P,5.153140654784344,5.265610694885254,3
11,Dataset II,Sr (II),480.0||5.08713548||5.0||150.0||0.025||0.3||35.0||0.0||0.0,Shin2022_Postmodification::RCWB-HP,5.940288850117317,5.960367202758789,3
11,Dataset II,Sr (II),480.0||5.08713548||5.0||150.0||0.025||0.3||35.0||0.0||0.0,Shin2022_Postmodification::RCWB-NHP,11.303805868568366,5.959988594055176,3
11,Dataset II,Sr (II),480.0||5.08713548||5.0||150.0||0.025||0.3||35.0||0.0||0.0,Shin2022_Postmodification::RCWB-P,5.341734950936913,6.021985054016113,3
11,Dataset II,Sr (II),480.0||5.52095381||5.0||150.0||0.025||0.3||25.0||5.0||0.0,Shin2022_Postmodification::RCWB-HP,2.48725008497231,4.632256507873535,3
11,Dataset II,Sr (II),480.0||5.52095381||5.0||150.0||0.025||0.3||25.0||5.0||0.0,Shin2022_Postmodification::RCWB-NHP,9.20452517781707,4.632256507873535,3
11,Dataset II,Sr (II),480.0||5.52095381||5.0||150.0||0.025||0.3||25.0||5.0||0.0,Shin2022_Postmodification::RCWB-P,2.076566455117453,4.759467124938965,3
11,Dataset II,Sr (II),480.0||5.59577674||5.0||150.0||0.025||0.3||25.0||10.0||0.0,Shin2022_Postmodification::RCWB-HP,2.3871345306613603,4.632256507873535,3
11,Dataset II,Sr (II),480.0||5.59577674||5.0||150.0||0.025||0.3||25.0||10.0||0.0,Shin2022_Postmodification::RCWB-NHP,8.172379006567917,4.632256507873535,3
11,Dataset II,Sr (II),480.0||5.59577674||5.0||150.0||0.025||0.3||25.0||10.0||0.0,Shin2022_Postmodification::RCWB-P,1.63131198354798,4.759467124938965,3
11,Dataset II,Sr (II),480.0||5.6694774||5.0||150.0||0.025||0.3||25.0||15.0||0.0,Shin2022_Postmodification::RCWB-HP,1.9964042169698504,4.632256507873535,3
11,Dataset II,Sr (II),480.0||5.6694774||5.0||150.0||0.025||0.3||25.0||15.0||0.0,Shin2022_Postmodification::RCWB-NHP,7.55999048545024,4.632256507873535,3
11,Dataset II,Sr (II),480.0||5.6694774||5.0||150.0||0.025||0.3||25.0||15.0||0.0,Shin2022_Postmodification::RCWB-P,1.6032021495058366,4.759467124938965,3
11,Dataset II,Sr (II),480.0||5.82118321||5.0||150.0||0.025||0.3||25.0||20.0||0.0,Shin2022_Postmodification::RCWB-HP,1.6463102538291432,4.632256507873535,3
11,Dataset II,Sr (II),480.0||5.82118321||5.0||150.0||0.025||0.3||25.0||20.0||0.0,Shin2022_Postmodification::RCWB-NHP,7.186425896372743,4.632256507873535,3
11,Dataset II,Sr (II),480.0||5.82118321||5.0||150.0||0.025||0.3||25.0||20.0||0.0,Shin2022_Postmodification::RCWB-P,1.2939459247065868,4.759467124938965,3
11,Dataset II,Sr (II),480.0||7.0433507||5.0||150.0||0.025||0.3||15.0||0.0||0.0,Shin2022_Postmodification::RCWB-HP,6.274130503481076,4.426474571228027,3
11,Dataset II,Sr (II),480.0||7.0433507||5.0||150.0||0.025||0.3||15.0||0.0||0.0,Shin2022_Postmodification::RCWB-NHP,11.4359873555403,4.426474571228027,3
11,Dataset II,Sr (II),480.0||7.0433507||5.0||150.0||0.025||0.3||15.0||0.0||0.0,Shin2022_Postmodification::RCWB-P,5.374037589971483,4.575122833251953,3
11,Dataset II,Sr (II),480.0||7.0433507||5.0||150.0||0.025||0.3||25.0||0.0||0.0,Shin2022_Postmodification::RCWB-HP,6.2001859439566,5.102443695068359,3
11,Dataset II,Sr (II),480.0||7.0433507||5.0||150.0||0.025||0.3||25.0||0.0||0.0,Shin2022_Postmodification::RCWB-NHP,12.365629716855333,5.102443695068359,3
11,Dataset II,Sr (II),480.0||7.0433507||5.0||150.0||0.025||0.3||25.0||0.0||0.0,Shin2022_Postmodification::RCWB-P,5.93115106895599,5.2457475662231445,3
11,Dataset II,Sr (II),480.0||7.0433507||5.0||150.0||0.025||0.3||35.0||0.0||0.0,Shin2022_Postmodification::RCWB-HP,6.787755099944157,5.881664752960205,3
11,Dataset II,Sr (II),480.0||7.0433507||5.0||150.0||0.025||0.3||35.0||0.0||0.0,Shin2022_Postmodification::RCWB-NHP,13.117532124595966,5.881664752960205,3
11,Dataset II,Sr (II),480.0||7.0433507||5.0||150.0||0.025||0.3||35.0||0.0||0.0,Shin2022_Postmodification::RCWB-P,6.405382049765593,5.955832958221436,3
11,Dataset II,Sr (II),60.0||5.028||5.0||150.0||0.025||0.3||25.0||0.0||0.0,Shin2022_Postmodification::RCWB-HP,4.631877085632444,4.56613302230835,3
11,Dataset II,Sr (II),60.0||5.028||5.0||150.0||0.025||0.3||25.0||0.0||0.0,Shin2022_Postmodification::RCWB-NHP,8.123069523275474,4.565754413604736,3
11,Dataset II,Sr (II),60.0||5.028||5.0||150.0||0.025||0.3||25.0||0.0||0.0,Shin2022_Postmodification::RCWB-P,4.186025134424567,4.50644063949585,3
11,Dataset II,Sr (II),90.0||5.028||5.0||150.0||0.025||0.3||25.0||0.0||0.0,Shin2022_Postmodification::RCWB-HP,5.001009858932433,4.56613302230835,3
11,Dataset II,Sr (II),90.0||5.028||5.0||150.0||0.025||0.3||25.0||0.0||0.0,Shin2022_Postmodification::RCWB-NHP,9.84799521448894,4.565754413604736,3
11,Dataset II,Sr (II),90.0||5.028||5.0||150.0||0.025||0.3||25.0||0.0||0.0,Shin2022_Postmodification::RCWB-P,4.620265006482939,4.50644063949585,3
12,Dataset III,Ibuprofen,120.0||5.0||7.0||150.0||0.05||0.05||25.0||0.0||0.0,Shin2022_Ibuprofen::AMCB,57.58752322464275,36.61416101643397,6
12,Dataset III,Ibuprofen,120.0||5.0||7.0||150.0||0.05||0.05||25.0||0.0||0.0,Shin2022_Ibuprofen::CB,7.773178555574595,15.2852036736802,6
12,Dataset III,Ibuprofen,120.0||5.0||7.0||150.0||0.05||0.05||25.0||0.0||0.0,Shin2022_Ibuprofen::MCB,8.118449646777144,34.189512763844235,6
12,Dataset III,Ibuprofen,1440.0||1.0||7.0||150.0||0.05||0.05||15.0||0.0||0.0,Shin2022_Ibuprofen::AMCB,18.36186444567285,34.44270025734122,2
12,Dataset III,Ibuprofen,1440.0||1.0||7.0||150.0||0.05||0.05||15.0||0.0||0.0,Shin2022_Ibuprofen::CB,0.0249964946884278,13.66947747140126,6
12,Dataset III,Ibuprofen,1440.0||1.0||7.0||150.0||0.05||0.05||15.0||0.0||0.0,Shin2022_Ibuprofen::MCB,0.19539149666455,31.20668305513038,2
12,Dataset III,Ibuprofen,1440.0||1.0||7.0||150.0||0.05||0.05||25.0||0.0||0.0,Shin2022_Ibuprofen::AMCB,18.7313322317928,34.366831501402885,2
12,Dataset III,Ibuprofen,1440.0||1.0||7.0||150.0||0.05||0.05||25.0||0.0||0.0,Shin2022_Ibuprofen::CB,0.4221908051976635,13.644260655097147,6
12,Dataset III,Ibuprofen,1440.0||1.0||7.0||150.0||0.05||0.05||25.0||0.0||0.0,Shin2022_Ibuprofen::MCB,0.5496454581744625,31.37006383275375,2
12,Dataset III,Ibuprofen,1440.0||1.0||7.0||150.0||0.05||0.05||35.0||0.0||0.0,Shin2022_Ibuprofen::AMCB,19.3695109113155,34.478832194550385,2
12,Dataset III,Ibuprofen,1440.0||1.0||7.0||150.0||0.05||0.05||35.0||0.0||0.0,Shin2022_Ibuprofen::CB,0.7393099791249962,14.141237794945058,6
12,Dataset III,Ibuprofen,1440.0||1.0||7.0||150.0||0.05||0.05||35.0||0.0||0.0,Shin2022_Ibuprofen::MCB,0.9505595294135204,31.57670397512049,2
12,Dataset III,Ibuprofen,1440.0||5.0||7.0||150.0||0.05||0.05||25.0||0.0||0.0,Shin2022_Ibuprofen::AMCB,63.48956635486851,38.9963178162769,6
12,Dataset III,Ibuprofen,1440.0||5.0||7.0||150.0||0.05||0.05||25.0||0.0||0.0,Shin2022_Ibuprofen::CB,7.580709271786004,16.325756610717868,18
12,Dataset III,Ibuprofen,1440.0||5.0||7.0||150.0||0.05||0.05||25.0||0.0||0.0,Shin2022_Ibuprofen::MCB,8.14996398147138,37.20312266495095,6
12,Dataset III,Ibuprofen,240.0||5.0||7.0||150.0||0.05||0.05||25.0||0.0||0.0,Shin2022_Ibuprofen::AMCB,62.38034769815141,36.75487664933343,6
12,Dataset III,Ibuprofen,240.0||5.0||7.0||150.0||0.05||0.05||25.0||0.0||0.0,Shin2022_Ibuprofen::CB,7.789364401912889,15.27425167361315,6
12,Dataset III,Ibuprofen,240.0||5.0||7.0||150.0||0.05||0.05||25.0||0.0||0.0,Shin2022_Ibuprofen::MCB,8.125906759746632,34.33266165158866,6
12,Dataset III,Ibuprofen,30.0||5.0||7.0||150.0||0.05||0.05||25.0||0.0||0.0,Shin2022_Ibuprofen::AMCB,34.14532967400432,36.6966317337726,6
12,Dataset III,Ibuprofen,30.0||5.0||7.0||150.0||0.05||0.05||25.0||0.0||0.0,Shin2022_Ibuprofen::CB,7.107157200758625,15.388448209031104,6
12,Dataset III,Ibuprofen,30.0||5.0||7.0||150.0||0.05||0.05||25.0||0.0||0.0,Shin2022_Ibuprofen::MCB,7.3241161710903055,34.409517935011394,6
12,Dataset III,Ibuprofen,480.0||5.0||7.0||150.0||0.05||0.05||25.0||0.0||0.0,Shin2022_Ibuprofen::AMCB,63.092042706591286,36.87549963256477,6
12,Dataset III,Ibuprofen,480.0||5.0||7.0||150.0||0.05||0.05||25.0||0.0||0.0,Shin2022_Ibuprofen::CB,7.831945214331701,15.383054143339312,6
12,Dataset III,Ibuprofen,480.0||5.0||7.0||150.0||0.05||0.05||25.0||0.0||0.0,Shin2022_Ibuprofen::MCB,8.127571761102052,34.54361737722119,6
12,Dataset III,Ibuprofen,60.0||5.0||7.0||150.0||0.05||0.05||25.0||0.0||0.0,Shin2022_Ibuprofen::AMCB,47.14084473006081,36.51476105939109,6
12,Dataset III,Ibuprofen,60.0||5.0||7.0||150.0||0.05||0.05||25.0||0.0||0.0,Shin2022_Ibuprofen::CB,7.554842662949325,15.205048497585487,6
12,Dataset III,Ibuprofen,60.0||5.0||7.0||150.0||0.05||0.05||25.0||0.0||0.0,Shin2022_Ibuprofen::MCB,8.015513896081595,34.089154075810555,6
12,Dataset III,Ibuprofen,720.0||5.0||7.0||150.0||0.05||0.05||25.0||0.0||0.0,Shin2022_Ibuprofen::AMCB,63.358219106860645,37.77278709519285,6
12,Dataset III,Ibuprofen,720.0||5.0||7.0||150.0||0.05||0.05||25.0||0.0||0.0,Shin2022_Ibuprofen::CB,7.8362156731417505,16.04611348775602,6
12,Dataset III,Ibuprofen,720.0||5.0||7.0||150.0||0.05||0.05||25.0||0.0||0.0,Shin2022_Ibuprofen::MCB,8.137973740995855,35.25464786507191,6
12,Dataset III,Ibuprofen,960.0||5.0||7.0||150.0||0.05||0.05||25.0||0.0||0.0,Shin2022_Ibuprofen::AMCB,63.39329566910547,37.81749554204523,6
12,Dataset III,Ibuprofen,960.0||5.0||7.0||150.0||0.05||0.05||25.0||0.0||0.0,Shin2022_Ibuprofen::CB,7.840252614396946,15.972114721612172,6
12,Dataset III,Ibuprofen,960.0||5.0||7.0||150.0||0.05||0.05||25.0||0.0||0.0,Shin2022_Ibuprofen::MCB,8.146223738035646,35.32549639214998,6
